 sex, mstatus, age, children, occupation, education, income, avbal, avtrans,status,score,status_multiplier,expected_profit,actual_status,actual_score,actual_status_multiplier,is_status_diff,actual_profit,absolute_score_diff,absolute_profit_diff
F,single,26.76,0,manuf,professional,8655.32,28706.6,5948.3,B,4.45,1,4.45,None,5.1,0,TRUE,0,0.65,4.45
M,single,23.94,0,manuf,professional,5210.01,25637.5,6130.17,B,4.44,1,4.44,None,4.8,0,TRUE,0,0.36,4.44
M,single,25.21,0,medicine,tertiary,11536.24,44581.29,1880.48,B,4.43,1,4.43,None,4.3,0,TRUE,0,0.13,4.43
F,single,18.43,0,legal,tertiary,11697.83,31000.34,2861.78,B,4.38,1,4.38,None,3.8,0,TRUE,0,0.58,4.38
M,single,21.03,0,medicine,tertiary,10604.03,29717.48,2259.08,B,4.33,1,4.33,None,3.7,0,TRUE,0,0.63,4.33
M,single,21.99,0,legal,tertiary,10435.02,32261,2114.47,B,4.33,1,4.33,None,3.8,0,TRUE,0,0.53,4.33
M,single,20.27,0,legal,tertiary,9416.54,25545.07,2407.1,B,4.28,1,4.28,None,3.6,0,TRUE,0,0.68,4.28
M,single,24.18,0,legal,tertiary,11620.83,31472.82,1915.85,B,4.28,1,4.28,None,3.9,0,TRUE,0,0.38,4.28
M,single,19.87,0,legal,tertiary,6109.41,30874.21,1915.38,B,4.25,1,4.25,None,3.5,0,TRUE,0,0.75,4.25
F,single,28.31,0,legal,tertiary,7771.81,26919.63,2378.42,B,4.23,1,4.23,None,4,0,TRUE,0,0.23,4.23
F,single,20.94,0,manuf,postgrad,5594.84,28462.19,3569.49,B,4.21,1,4.21,None,3.9,0,TRUE,0,0.31,4.21
F,single,29.39,0,legal,tertiary,7782.66,30965.12,2628.45,None,4.35,0,0,B,4.2,1,TRUE,4.2,0.15,4.2
F,single,25.12,0,medicine,tertiary,6944.17,26580.24,2120.95,B,4.17,1,4.17,None,3.7,0,TRUE,0,0.47,4.17
M,single,24.26,0,manuf,postgrad,12877.39,24941.48,2449.34,B,4.08,1,4.08,None,3.9,0,TRUE,0,0.18,4.08
M,single,23.68,0,manuf,postgrad,11894.39,24037.3,2453.65,B,4.06,1,4.06,None,3.8,0,TRUE,0,0.26,4.06
M,single,21.63,0,government,tertiary,4866.39,23035.46,2016.26,B,3.92,1,3.92,None,3.3,0,TRUE,0,0.62,3.92
M,single,23.22,0,manuf,tertiary,6245.39,19780.75,2332.36,B,3.86,1,3.86,None,3.4,0,TRUE,0,0.46,3.86
F,single,27.52,0,IT,tertiary,6125.41,10156.36,2313.22,B,3.81,1,3.81,None,3.4,0,TRUE,0,0.41,3.81
F,single,24.01,0,manuf,tertiary,7262.42,23610.44,1830.36,B,3.77,1,3.77,None,3.5,0,TRUE,0,0.27,3.77
M,single,27.17,0,government,tertiary,6116.22,24927.6,2055.24,None,3.98,0,0,B,3.7,1,TRUE,3.7,0.28,3.7
F,single,28.18,0,construct,tertiary,6133.63,13400.21,2333.46,B,3.64,1,3.64,None,3.5,0,TRUE,0,0.14,3.64
F,single,24.69,0,manuf,postgrad,6112.06,22546.11,1802.87,None,3.81,0,0,B,3.4,1,TRUE,3.4,0.41,3.4
M,married,40.7,3,medicine,professional,4692.3,60126.63,5769.39,A,5.16,0.6,3.096,None,5.7,0,TRUE,0,0.54,3.096
M,married,32.35,3,legal,professional,11588.2,67387.9,6393.42,A,5.15,0.6,3.09,None,6.6,0,TRUE,0,1.45,3.09
M,married,62.23,1,legal,professional,4792.9,56782.38,8789.1,A,5.13,0.6,3.078,None,5.8,0,TRUE,0,0.67,3.078
M,married,39.73,2,legal,postgrad,5704.01,57847.53,4500.96,A,5.05,0.6,3.03,None,5.3,0,TRUE,0,0.25,3.03
M,married,61.8,2,finance,professional,5763.8,45890.97,7036.89,A,5.02,0.6,3.012,None,5.3,0,TRUE,0,0.28,3.012
M,married,46.59,2,legal,postgrad,6453.44,42298.11,3951.48,A,5.02,0.6,3.012,None,4.6,0,TRUE,0,0.42,3.012
M,married,59.27,1,legal,postgrad,13890.54,59271.23,3909,A,4.97,0.6,2.982,None,5.3,0,TRUE,0,0.33,2.982
F,married,47.17,1,medicine,postgrad,12625.48,49295.63,5184.89,A,4.94,0.6,2.964,None,5.5,0,TRUE,0,0.56,2.964
F,married,43.13,1,medicine,professional,14799.29,35739.65,7928.63,A,4.81,0.6,2.886,None,6.1,0,TRUE,0,1.29,2.886
M,married,23.04,2,IT,professional,5616.9,35077.48,4650.87,A,4.77,0.6,2.862,None,4.6,0,TRUE,0,0.17,2.862
M,married,23.1,0,IT,professional,10776.61,29147.48,5290.11,A,4.75,0.6,2.85,None,4.8,0,TRUE,0,0.05,2.85
M,married,35.84,2,IT,postgrad,13855,29118.57,3546.91,A,4.65,0.6,2.79,None,4.7,0,TRUE,0,0.05,2.79
M,married,61.17,1,legal,postgrad,5297.12,38198.26,2935.94,A,4.63,0.6,2.778,None,3.8,0,TRUE,0,0.83,2.778
F,married,38.51,2,IT,postgrad,8986.99,30237.19,4081.09,None,4.47,0,0,A,4.6,0.6,TRUE,2.76,0.13,2.76
M,married,48.98,2,medicine,tertiary,7453.43,29998.62,2045.78,A,4.45,0.6,2.67,None,3.6,0,TRUE,0,0.85,2.67
F,married,59.77,1,legal,tertiary,5956.76,47396.75,3322.03,A,4.45,0.6,2.67,None,4.2,0,TRUE,0,0.25,2.67
M,married,28.84,1,IT,tertiary,5918.78,29608.3,2885.6,A,4.43,0.6,2.658,None,4.2,0,TRUE,0,0.23,2.658
F,married,29.29,2,IT,postgrad,8985.52,40364.78,3039.89,A,4.4,0.6,2.64,None,4.7,0,TRUE,0,0.3,2.64
F,married,34.62,2,government,professional,10998.48,30015.78,6580.2,A,4.39,0.6,2.634,None,5.5,0,TRUE,0,1.11,2.634
F,married,22.36,2,IT,postgrad,14578.71,38816.74,3116.72,A,4.39,0.6,2.634,None,4.5,0,TRUE,0,0.11,2.634
M,married,21.81,2,IT,postgrad,7133.24,24505.43,2679.24,A,4.37,0.6,2.622,None,3.6,0,TRUE,0,0.77,2.622
M,married,33.84,1,legal,tertiary,11339.01,41741.67,1517.41,A,4.34,0.6,2.604,None,4.3,0,TRUE,0,0.04,2.604
F,married,62.59,2,government,professional,11468.31,38589.88,4293.4,A,4.34,0.6,2.604,None,4.6,0,TRUE,0,0.26,2.604
F,married,35.7,4,legal,tertiary,9925.85,30000,3580.32,A,4.31,0.6,2.586,None,4.5,0,TRUE,0,0.19,2.586
M,married,53.91,1,finance,tertiary,5857.28,28405.34,1867.16,A,4.29,0.6,2.574,None,3.3,0,TRUE,0,0.99,2.574
M,married,36.2,1,finance,tertiary,2321.66,29554.2,1913.46,A,4.24,0.6,2.544,None,3.6,0,TRUE,0,0.64,2.544
M,married,28.71,0,IT,postgrad,9008.41,14182.14,2972.23,A,4.2,0.6,2.52,None,3.9,0,TRUE,0,0.3,2.52
F,married,32.04,2,government,professional,8637.09,30002.31,4056.6,A,4.2,0.6,2.52,None,4.7,0,TRUE,0,0.5,2.52
F,married,28.49,2,government,postgrad,12593.6,24999.71,2489.48,None,3.89,0,0,A,4.2,0.6,TRUE,2.52,0.31,2.52
M,married,28.66,2,legal,secondary,2991.12,33369.45,1816.42,A,4.14,0.6,2.484,None,3.8,0,TRUE,0,0.34,2.484
F,married,61.08,1,manuf,postgrad,8037.2,37929.25,3135.3,A,4.12,0.6,2.472,None,4,0,TRUE,0,0.12,2.472
F,married,31.29,2,construct,tertiary,10246.05,27583.76,4684.05,A,4.09,0.6,2.454,None,4.9,0,TRUE,0,0.81,2.454
F,married,25.67,3,legal,tertiary,2840.58,31347.46,2545.73,A,4.08,0.6,2.448,None,3.8,0,TRUE,0,0.28,2.448
M,married,36.13,2,IT,tertiary,9069.81,24841.44,1389.41,A,4.08,0.6,2.448,None,3.6,0,TRUE,0,0.48,2.448
F,married,40.89,2,finance,tertiary,5524.82,28929.78,2000.34,A,4.06,0.6,2.436,None,3.7,0,TRUE,0,0.36,2.436
F,married,46.06,1,IT,tertiary,2245.75,23966.91,2069.44,A,4.06,0.6,2.436,None,3.3,0,TRUE,0,0.76,2.436
M,married,34.98,1,medicine,secondary,3176.01,21446.58,2115.67,A,4.03,0.6,2.418,None,3.5,0,TRUE,0,0.53,2.418
M,married,51.6,2,medicine,secondary,2017,19970.42,1945.52,A,4.03,0.6,2.418,None,2.9,0,TRUE,0,1.13,2.418
F,married,32.34,0,IT,tertiary,9324.07,31754.51,1931.44,A,4.03,0.6,2.418,None,4.1,0,TRUE,0,0.07,2.418
F,married,33.93,2,construct,tertiary,9925.85,30000,3580.32,A,4.02,0.6,2.412,None,4.6,0,TRUE,0,0.58,2.412
M,married,61.19,1,medicine,secondary,3101.46,20644.23,2069.24,A,4.01,0.6,2.406,None,2.8,0,TRUE,0,1.21,2.406
F,married,39.51,1,finance,tertiary,9193.88,32118.17,1574.34,A,4.01,0.6,2.406,None,3.9,0,TRUE,0,0.11,2.406
F,married,46.92,1,IT,postgrad,8435.75,27903.92,2998.72,None,4.46,0,0,A,4,0.6,TRUE,2.4,0.46,2.4
M,married,63.25,1,manuf,tertiary,3394.58,29043.42,2142.76,A,3.99,0.6,2.394,None,3.1,0,TRUE,0,0.89,2.394
M,married,61.77,1,construct,tertiary,2993.03,33904.66,1803.2,A,3.98,0.6,2.388,None,3.1,0,TRUE,0,0.88,2.388
M,married,60.12,1,medicine,secondary,2859.41,18527.72,1997.05,A,3.94,0.6,2.364,None,2.7,0,TRUE,0,1.24,2.364
F,married,60.79,1,medicine,tertiary,11541.86,41465.27,1015,A,3.92,0.6,2.352,None,3.7,0,TRUE,0,0.22,2.352
F,married,38.62,2,legal,secondary,2461.96,33127.71,1802.65,A,3.91,0.6,2.346,None,3.6,0,TRUE,0,0.31,2.346
M,married,53.85,2,finance,tertiary,2403.61,33529.76,480.64,A,3.9,0.6,2.34,None,2.9,0,TRUE,0,1,2.34
M,married,22,3,manuf,postgrad,9456.92,15778.7,3911.78,None,4.08,0,0,A,3.9,0.6,TRUE,2.34,0.18,2.34
M,married,40.35,0,medicine,secondary,4831.38,11110.29,2290.35,A,3.87,0.6,2.322,None,3.2,0,TRUE,0,0.67,2.322
F,married,33.66,0,legal,tertiary,10684.12,33426.58,1148.4,A,3.86,0.6,2.316,None,3.9,0,TRUE,0,0.04,2.316
M,married,51.06,2,government,tertiary,5115.53,28372.85,862.96,A,3.83,0.6,2.298,None,3,0,TRUE,0,0.83,2.298
F,married,57.31,2,legal,tertiary,10259.43,29768.45,1138.13,A,3.83,0.6,2.298,None,3.4,0,TRUE,0,0.43,2.298
M,married,55.89,1,government,tertiary,5972.5,28840.04,934.99,A,3.81,0.6,2.286,None,3,0,TRUE,0,0.81,2.286
F,married,38.98,2,legal,secondary,944.06,30007.02,1632.35,A,3.8,0.6,2.28,None,3.4,0,TRUE,0,0.4,2.28
F,married,45.95,2,legal,tertiary,4425.72,23745.44,1017.28,A,3.8,0.6,2.28,None,3,0,TRUE,0,0.8,2.28
F,married,26.67,3,IT,postgrad,4290.53,23065.61,2749.82,None,4.06,0,0,A,3.8,0.6,TRUE,2.28,0.26,2.28
F,married,38.18,2,manuf,tertiary,4957.58,29587.7,2152.12,A,3.79,0.6,2.274,None,3.8,0,TRUE,0,0.01,2.274
F,married,48.32,2,education,tertiary,5024.25,24697.8,933.74,A,3.78,0.6,2.268,None,3,0,TRUE,0,0.78,2.268
F,married,40.03,2,medicine,secondary,2869.23,20000.6,2192.15,A,3.78,0.6,2.268,None,3.4,0,TRUE,0,0.38,2.268
F,married,47.37,2,finance,tertiary,2040.54,11800.41,2001.23,A,3.77,0.6,2.262,None,2.8,0,TRUE,0,0.97,2.262
F,married,39.47,1,construct,secondary,2691.3,29845.58,2584.33,A,3.76,0.6,2.256,None,3.8,0,TRUE,0,0.04,2.256
M,married,41.31,1,manuf,tertiary,4859.65,20245.45,1454.96,A,3.76,0.6,2.256,None,3.2,0,TRUE,0,0.56,2.256
M,married,56.02,1,manuf,tertiary,5754.79,27581.37,1008.85,A,3.74,0.6,2.244,None,3,0,TRUE,0,0.74,2.244
F,married,22.56,0,IT,tertiary,8645.42,14359.31,2330.38,A,3.74,0.6,2.244,None,3.3,0,TRUE,0,0.44,2.244
M,married,46.01,3,IT,secondary,3401,16260.53,898.83,A,3.73,0.6,2.238,None,2.7,0,TRUE,0,1.03,2.238
M,married,51.65,2,manuf,tertiary,2595.92,16530.19,1684.9,A,3.73,0.6,2.238,None,2.8,0,TRUE,0,0.93,2.238
F,married,57.78,1,government,tertiary,5443.03,30333.92,1505.8,A,3.71,0.6,2.226,None,3.2,0,TRUE,0,0.51,2.226
F,married,57.28,0,IT,tertiary,9103.96,12274.62,2131.76,A,3.7,0.6,2.22,None,3.1,0,TRUE,0,0.6,2.22
M,married,36.38,0,IT,tertiary,5729.49,24457.5,1982.39,None,4.21,0,0,A,3.7,0.6,TRUE,2.22,0.51,2.22
M,married,39.28,1,manuf,postgrad,7486.25,23449.27,2287.84,None,4.09,0,0,A,3.7,0.6,TRUE,2.22,0.39,2.22
F,married,48.12,2,government,tertiary,5732.57,21034.24,1517.13,A,3.69,0.6,2.214,None,3.1,0,TRUE,0,0.59,2.214
F,married,46.3,1,construct,secondary,2121.04,32484.54,1473.57,A,3.66,0.6,2.196,None,3.3,0,TRUE,0,0.36,2.196
F,married,31.19,1,legal,tertiary,10690.36,16533.99,1562.48,A,3.65,0.6,2.19,None,3.6,0,TRUE,0,0.05,2.19
M,married,58.91,3,government,tertiary,4162.26,13661.73,1662.58,A,3.65,0.6,2.19,None,2.6,0,TRUE,0,1.05,2.19
M,married,40.59,2,finance,secondary,1983.83,21437.11,623.98,A,3.64,0.6,2.184,None,2.9,0,TRUE,0,0.74,2.184
M,married,39.44,1,finance,secondary,1182.39,13588.92,1254.33,A,3.63,0.6,2.178,None,2.8,0,TRUE,0,0.83,2.178
M,married,52.67,2,education,secondary,2361.09,16397.3,866.98,A,3.63,0.6,2.178,None,2.5,0,TRUE,0,1.13,2.178
M,married,47.43,0,construct,tertiary,8876.88,14013.84,1060.62,A,3.62,0.6,2.172,None,3,0,TRUE,0,0.62,2.172
F,married,39.86,3,finance,secondary,2163.58,17819.46,1739.27,A,3.62,0.6,2.172,None,3.1,0,TRUE,0,0.52,2.172
F,married,49.02,2,finance,secondary,2000.76,24829.13,919.62,A,3.61,0.6,2.166,None,2.8,0,TRUE,0,0.81,2.166
M,married,63.7,1,manuf,tertiary,5008.16,21828.88,1068.88,A,3.6,0.6,2.16,None,2.6,0,TRUE,0,1,2.16
F,married,32.91,2,government,tertiary,6215.7,19233.31,2131.26,None,3.63,0,0,A,3.6,0.6,TRUE,2.16,0.03,2.16
M,married,39.64,1,government,tertiary,4267.17,20013.4,765.15,A,3.59,0.6,2.154,None,3,0,TRUE,0,0.59,2.154
F,married,40.02,1,government,tertiary,5083.25,30185.93,986.46,A,3.59,0.6,2.154,None,3.4,0,TRUE,0,0.19,2.154
M,married,33.73,2,manuf,tertiary,3542.9,16241.9,1437.96,A,3.58,0.6,2.148,None,3.2,0,TRUE,0,0.38,2.148
F,married,43.83,2,government,tertiary,5110.32,17400.28,1514.89,A,3.55,0.6,2.13,None,3.1,0,TRUE,0,0.45,2.13
M,married,39.89,2,medicine,secondary,2097.07,9689.24,1311.35,A,3.55,0.6,2.13,None,2.7,0,TRUE,0,0.85,2.13
M,married,55.77,0,education,secondary,2785.75,17929.94,600.25,A,3.55,0.6,2.13,None,2.4,0,TRUE,0,1.15,2.13
F,married,40.78,1,government,tertiary,2948.1,20120.15,1494.37,A,3.54,0.6,2.124,None,3.1,0,TRUE,0,0.44,2.124
M,married,47.23,4,finance,secondary,2473.38,7160.52,1112.9,A,3.53,0.6,2.118,None,2.4,0,TRUE,0,1.13,2.118
M,married,45.79,0,construct,secondary,2403.81,19962.73,874.94,A,3.52,0.6,2.112,None,2.8,0,TRUE,0,0.72,2.112
M,married,68.42,1,retired,tertiary,3303.76,24191.62,1009.77,A,3.52,0.6,2.112,None,2.5,0,TRUE,0,1.02,2.112
F,married,59.84,2,education,tertiary,4342.43,10967.83,1732.43,A,3.52,0.6,2.112,None,2.5,0,TRUE,0,1.02,2.112
M,married,40.08,3,education,secondary,849.73,11810.84,1057.24,A,3.52,0.6,2.112,None,2.7,0,TRUE,0,0.82,2.112
M,married,38.89,1,IT,secondary,1223.12,9961.63,1200,A,3.5,0.6,2.1,None,2.7,0,TRUE,0,0.8,2.1
M,married,41.12,0,finance,secondary,1175.24,10055.03,1108.87,A,3.5,0.6,2.1,None,2.6,0,TRUE,0,0.9,2.1
M,married,45.44,1,government,tertiary,3970.17,16069.47,526.99,A,3.5,0.6,2.1,None,2.6,0,TRUE,0,0.9,2.1
F,married,40.02,2,construct,secondary,2009.74,21462.87,2039.35,A,3.49,0.6,2.094,None,3.3,0,TRUE,0,0.19,2.094
M,married,37.03,2,construct,secondary,9030.04,9827.37,1991.14,A,3.48,0.6,2.088,None,3.4,0,TRUE,0,0.08,2.088
M,married,48.02,3,manuf,tertiary,4320.24,3157.18,2130.23,A,3.47,0.6,2.082,None,2.7,0,TRUE,0,0.77,2.082
F,married,38.28,2,government,tertiary,4630.6,18236.23,1441.66,A,3.47,0.6,2.082,None,3.2,0,TRUE,0,0.27,2.082
F,married,36.1,2,IT,secondary,2456.04,16038.8,1423.61,A,3.46,0.6,2.076,None,3.1,0,TRUE,0,0.36,2.076
M,married,65.42,1,retired,tertiary,3746.48,19887.25,1050.8,A,3.46,0.6,2.076,None,2.4,0,TRUE,0,1.06,2.076
M,married,48.01,2,education,secondary,2384.06,9079.89,761.63,A,3.46,0.6,2.076,None,2.4,0,TRUE,0,1.06,2.076
M,married,63.4,2,IT,secondary,1316.73,7969.7,1389.91,A,3.45,0.6,2.07,None,2.1,0,TRUE,0,1.35,2.07
F,married,45.59,0,finance,secondary,514.22,7115.01,2103.47,A,3.45,0.6,2.07,None,2.7,0,TRUE,0,0.75,2.07
M,married,39.53,2,education,secondary,2997.93,14762.38,531.83,A,3.44,0.6,2.064,None,2.7,0,TRUE,0,0.74,2.064
F,married,60.16,1,finance,secondary,781.33,12040.44,1856.92,A,3.43,0.6,2.058,None,2.4,0,TRUE,0,1.03,2.058
F,married,31.96,0,manuf,tertiary,4232.49,13095.12,2233.65,None,3.41,0,0,A,3.4,0.6,TRUE,2.04,0.01,2.04
M,married,38.76,2,education,tertiary,3714.42,2344.76,1352.63,A,3.39,0.6,2.034,None,2.6,0,TRUE,0,0.79,2.034
M,married,69.37,2,retired,tertiary,2236.3,16992.07,1108.3,A,3.38,0.6,2.028,None,2.2,0,TRUE,0,1.18,2.028
M,married,52.63,3,government,secondary,2685.85,15894.26,735.58,A,3.37,0.6,2.022,None,2.5,0,TRUE,0,0.87,2.022
F,married,61.15,2,IT,secondary,3405.08,24299.97,527.33,A,3.35,0.6,2.01,None,2.5,0,TRUE,0,0.85,2.01
F,married,51.52,2,education,tertiary,2612.16,10639.28,930.79,A,3.35,0.6,2.01,None,2.4,0,TRUE,0,0.95,2.01
F,married,43.49,2,manuf,tertiary,3420.4,20418.65,864.6,A,3.34,0.6,2.004,None,2.9,0,TRUE,0,0.44,2.004
M,married,64.84,1,government,tertiary,4839.69,5943.24,1490.23,A,3.33,0.6,1.998,None,2.2,0,TRUE,0,1.13,1.998
M,married,68.8,2,retired,tertiary,3325.99,15006.43,999.58,A,3.31,0.6,1.986,None,2.2,0,TRUE,0,1.11,1.986
F,married,60.8,1,education,tertiary,4031.23,7187.76,1459.62,A,3.31,0.6,1.986,None,2.3,0,TRUE,0,1.01,1.986
M,married,47.76,1,government,secondary,2193.41,13038.06,577.24,A,3.31,0.6,1.986,None,2.4,0,TRUE,0,0.91,1.986
M,married,65.62,3,retired,tertiary,3494.14,12684.93,1157.61,A,3.31,0.6,1.986,None,2.2,0,TRUE,0,1.11,1.986
F,married,49.81,2,IT,secondary,2198.68,17888.5,515.2,A,3.3,0.6,1.98,None,2.5,0,TRUE,0,0.8,1.98
M,married,56.34,3,education,secondary,717.99,10665.95,558.68,A,3.29,0.6,1.974,None,2,0,TRUE,0,1.29,1.974
M,married,67.06,2,retired,tertiary,3265.58,13251.8,1000.61,A,3.27,0.6,1.962,None,2.2,0,TRUE,0,1.07,1.962
F,married,58.55,0,education,secondary,1573.34,15550.77,823.67,A,3.26,0.6,1.956,None,2.2,0,TRUE,0,1.06,1.956
M,married,23.46,2,construct,secondary,900.33,11978.72,1321.82,A,3.25,0.6,1.95,None,2.7,0,TRUE,0,0.55,1.95
M,married,40.07,2,education,secondary,2948.14,9199.24,457.36,A,3.25,0.6,1.95,None,2.5,0,TRUE,0,0.75,1.95
F,married,68.93,1,retired,tertiary,3420.13,15417.94,1624.75,A,3.23,0.6,1.938,None,2.4,0,TRUE,0,0.83,1.938
M,married,43.25,1,government,tertiary,4289.56,1286.49,1415.38,A,3.21,0.6,1.926,None,2.6,0,TRUE,0,0.61,1.926
F,married,66.07,2,retired,tertiary,3153.71,13146.35,1716.52,A,3.19,0.6,1.914,None,2.4,0,TRUE,0,0.79,1.914
F,married,34.48,2,manuf,tertiary,3702.25,17829.39,909.33,A,3.19,0.6,1.914,None,3.1,0,TRUE,0,0.09,1.914
F,married,64.79,1,construct,secondary,5436.31,19906.08,979.72,A,3.17,0.6,1.902,None,2.5,0,TRUE,0,0.67,1.902
F,married,68.21,1,retired,tertiary,4494.37,19734.34,999.95,A,3.17,0.6,1.902,None,2.4,0,TRUE,0,0.77,1.902
M,married,57.64,2,government,secondary,2506.49,13063.84,506.66,A,3.16,0.6,1.896,None,2.2,0,TRUE,0,0.96,1.896
M,married,69.69,2,retired,secondary,1495.67,15264.85,792.43,A,3.14,0.6,1.884,None,2,0,TRUE,0,1.14,1.884
F,married,63.27,3,manuf,tertiary,3442.76,11462.96,1346.93,A,3.13,0.6,1.878,None,2.3,0,TRUE,0,0.83,1.878
F,married,41.42,2,finance,secondary,683.69,17508.53,298.95,A,3.12,0.6,1.872,None,2.6,0,TRUE,0,0.52,1.872
M,married,39.82,2,education,secondary,1080.6,11416.6,85.87,A,3.11,0.6,1.866,None,2.4,0,TRUE,0,0.71,1.866
M,married,69.99,2,retired,secondary,1896.38,11336.12,1001.25,A,3.11,0.6,1.866,None,2,0,TRUE,0,1.11,1.866
F,married,39.97,1,government,tertiary,5063.12,5291.93,1505.18,A,3.11,0.6,1.866,None,2.8,0,TRUE,0,0.31,1.866
F,married,42.24,1,government,tertiary,4096.09,3618.52,1501.56,A,3.06,0.6,1.836,None,2.7,0,TRUE,0,0.36,1.836
F,married,50.8,3,government,secondary,4335.56,11999.45,793.37,A,3.06,0.6,1.836,None,2.5,0,TRUE,0,0.56,1.836
M,married,40.01,2,manuf,secondary,3914.54,15039.97,220.87,A,3.05,0.6,1.83,None,2.7,0,TRUE,0,0.35,1.83
F,married,64.4,1,manuf,tertiary,5050.87,4122.59,1900.96,A,3.01,0.6,1.806,None,2.3,0,TRUE,0,0.71,1.806
M,married,39.82,2,government,tertiary,5086.03,1445.79,850.36,A,3,0.6,1.8,None,2.5,0,TRUE,0,0.5,1.8
M,married,64.46,2,manuf,secondary,1785.28,12773.86,422.7,A,3,0.6,1.8,None,1.9,0,TRUE,0,1.1,1.8
F,married,39.49,1,government,secondary,2456.04,13659.9,713.46,A,3,0.6,1.8,None,2.7,0,TRUE,0,0.3,1.8
M,married,40.62,0,construct,secondary,537.21,10736.6,419.08,A,2.98,0.6,1.788,None,2.4,0,TRUE,0,0.58,1.788
F,married,51.58,2,manuf,secondary,629.92,21814.21,322.45,A,2.97,0.6,1.782,None,2.4,0,TRUE,0,0.57,1.782
F,married,39.93,2,finance,secondary,2612.56,6795.26,635.77,A,2.96,0.6,1.776,None,2.5,0,TRUE,0,0.46,1.776
M,married,65.46,1,retired,tertiary,3171.9,3346.66,1144.09,A,2.96,0.6,1.776,None,1.9,0,TRUE,0,1.06,1.776
F,married,39.88,1,education,secondary,2009.57,10972.1,319.22,A,2.96,0.6,1.776,None,2.5,0,TRUE,0,0.46,1.776
F,married,35.21,2,government,secondary,2481.44,21539.92,272.65,A,2.96,0.6,1.776,None,2.9,0,TRUE,0,0.06,1.776
F,married,39.93,1,government,tertiary,5433.09,4787.14,1012.39,A,2.95,0.6,1.77,None,2.7,0,TRUE,0,0.25,1.77
M,married,55.19,2,government,secondary,2419.03,5366.73,573.39,A,2.94,0.6,1.764,None,2,0,TRUE,0,0.94,1.764
M,married,69.52,1,retired,secondary,1207.18,9731.13,679.89,A,2.92,0.6,1.752,None,1.8,0,TRUE,0,1.12,1.752
F,married,39.91,1,government,tertiary,4759.74,6573.1,710.66,A,2.91,0.6,1.746,None,2.6,0,TRUE,0,0.31,1.746
F,married,54.96,3,government,secondary,1630.14,10782.89,680.33,A,2.89,0.6,1.734,None,2.2,0,TRUE,0,0.69,1.734
M,married,66.19,2,retired,tertiary,3899.46,3493.01,777.88,A,2.85,0.6,1.71,None,1.9,0,TRUE,0,0.95,1.71
M,married,48.22,3,manuf,secondary,3926.85,5439.11,252.08,A,2.84,0.6,1.704,None,2.2,0,TRUE,0,0.64,1.704
M,married,66.61,2,retired,tertiary,3411.5,4109.34,652.85,A,2.82,0.6,1.692,None,1.8,0,TRUE,0,1.02,1.692
M,married,69.67,3,retired,secondary,384.56,9960.7,427.13,A,2.8,0.6,1.68,None,1.7,0,TRUE,0,1.1,1.68
F,married,32.65,1,manuf,secondary,963.42,12077.99,643.71,A,2.78,0.6,1.668,None,2.8,0,TRUE,0,0.02,1.668
F,married,69.33,3,retired,tertiary,3968.98,14628.5,303.59,A,2.76,0.6,1.656,None,2,0,TRUE,0,0.76,1.656
F,married,46.03,1,construct,secondary,1559.41,10936.86,228.66,A,2.73,0.6,1.638,None,2.3,0,TRUE,0,0.43,1.638
F,married,65.91,4,retired,secondary,646.5,9146.8,928.98,A,2.71,0.6,1.626,None,1.8,0,TRUE,0,0.91,1.626
F,married,51.28,2,finance,secondary,3371.39,14370.86,1302,None,3.47,0,0,A,2.7,0.6,TRUE,1.62,0.77,1.62
F,married,69.81,2,retired,secondary,2033.09,8021.82,889,A,2.69,0.6,1.614,None,1.9,0,TRUE,0,0.79,1.614
F,married,66.64,2,retired,secondary,1932.82,7845.3,892.74,A,2.68,0.6,1.608,None,1.9,0,TRUE,0,0.78,1.608
F,married,22.76,2,manuf,secondary,872.33,8923.35,699.79,A,2.68,0.6,1.608,None,2.4,0,TRUE,0,0.28,1.608
F,married,39.4,2,construct,secondary,2612.56,6795.26,635.77,A,2.68,0.6,1.608,None,2.5,0,TRUE,0,0.18,1.608
F,married,39.41,2,education,secondary,2266.66,5851.98,22.5,A,2.62,0.6,1.572,None,2.3,0,TRUE,0,0.32,1.572
F,married,67.51,2,retired,secondary,1715.25,7445.52,741.58,A,2.61,0.6,1.566,None,1.8,0,TRUE,0,0.81,1.566
F,married,39.93,4,manuf,secondary,1247.56,2004.37,961.95,A,2.57,0.6,1.542,None,2.4,0,TRUE,0,0.17,1.542
F,married,43.58,1,manuf,secondary,2296.3,12082.69,219.61,None,2.72,0,0,A,2.4,0.6,TRUE,1.44,0.32,1.44
F,married,65.04,2,retired,secondary,1509.65,2366.3,284.93,A,2.19,0.6,1.314,None,1.5,0,TRUE,0,0.69,1.314
F,married,66.71,1,retired,secondary,1720.53,7395.27,840.8,None,2.64,0,0,A,1.8,0.6,TRUE,1.08,0.84,1.08
M,married,63.29,3,education,secondary,1513.91,9972.34,467.6,A,3.21,0.6,1.926,A,1.8,0.6,FALSE,1.08,1.41,0.846
M,married,35.77,2,legal,professional,12250.14,68546.12,5893.37,A,5.16,0.6,3.096,A,6.5,0.6,FALSE,3.9,1.34,0.804
F,single,20.32,0,medicine,tertiary,6772.39,22816.7,2077.06,B,4.08,1,4.08,B,3.3,1,FALSE,3.3,0.78,0.78
M,married,56.55,3,IT,secondary,3404.34,13245.37,923.79,A,3.55,0.6,2.13,A,2.4,0.6,FALSE,1.44,1.15,0.69
M,married,54.78,2,education,tertiary,4002.82,5509.27,1000.95,A,3.43,0.6,2.058,A,2.3,0.6,FALSE,1.38,1.13,0.678
F,married,63.96,1,finance,secondary,815.23,16089.74,302.6,A,3.01,0.6,1.806,A,1.9,0.6,FALSE,1.14,1.11,0.666
M,married,51.34,2,finance,secondary,3305.63,14820.96,506.79,A,3.49,0.6,2.094,A,2.4,0.6,FALSE,1.44,1.09,0.654
F,married,62.81,3,IT,secondary,1732,11953.79,404.5,A,2.97,0.6,1.782,A,1.9,0.6,FALSE,1.14,1.07,0.642
M,married,45.9,2,IT,secondary,1884.94,15868.08,561.56,A,3.57,0.6,2.142,A,2.5,0.6,FALSE,1.5,1.07,0.642
M,married,64.14,2,manuf,secondary,2263.01,13485.87,473.15,A,3.05,0.6,1.83,A,2,0.6,FALSE,1.2,1.05,0.63
M,married,65.37,1,retired,tertiary,3609.79,12081.91,458.11,A,3.04,0.6,1.824,A,2,0.6,FALSE,1.2,1.04,0.624
F,married,63.65,2,education,tertiary,3999.61,22499.39,824.16,A,3.52,0.6,2.112,A,2.5,0.6,FALSE,1.5,1.02,0.612
M,married,66.05,0,retired,tertiary,4070.26,18148.54,961.79,A,3.4,0.6,2.04,A,2.4,0.6,FALSE,1.44,1,0.6
M,married,64.59,1,government,secondary,4469.88,10157.88,364.09,A,3,0.6,1.8,A,2,0.6,FALSE,1.2,1,0.6
M,married,66.77,3,retired,secondary,2682.19,2322.82,800.8,A,2.7,0.6,1.62,A,1.7,0.6,FALSE,1.02,1,0.6
M,single,23.72,0,medicine,tertiary,10310.93,21226.83,1876.78,B,4.09,1,4.09,B,3.5,1,FALSE,3.5,0.59,0.59
F,married,52.23,1,finance,secondary,900.33,11978.72,1321.82,A,3.36,0.6,2.016,A,2.4,0.6,FALSE,1.44,0.96,0.576
F,married,56.13,0,education,secondary,543.28,11933.54,598.81,A,3.06,0.6,1.836,A,2.1,0.6,FALSE,1.26,0.96,0.576
M,married,54.69,1,government,tertiary,4982.62,9962.84,577.42,A,3.25,0.6,1.95,A,2.3,0.6,FALSE,1.38,0.95,0.57
M,married,41.2,1,education,tertiary,2639.18,23111.15,954.5,A,3.93,0.6,2.358,A,3,0.6,FALSE,1.8,0.93,0.558
M,married,46.77,1,medicine,secondary,2366.25,27766.59,1771.76,A,4.23,0.6,2.538,A,3.3,0.6,FALSE,1.98,0.93,0.558
F,married,64.89,1,construct,tertiary,2820.63,22432,748.33,A,3.19,0.6,1.914,A,2.3,0.6,FALSE,1.38,0.89,0.534
F,married,56.05,2,IT,secondary,2089.31,22920.68,1199.9,A,3.57,0.6,2.142,A,2.7,0.6,FALSE,1.62,0.87,0.522
M,married,53.83,1,manuf,secondary,2541.97,19138.09,1025.43,A,3.47,0.6,2.082,A,2.6,0.6,FALSE,1.56,0.87,0.522
M,married,47.85,1,government,secondary,1900.06,10521.02,404.7,A,3.16,0.6,1.896,A,2.3,0.6,FALSE,1.38,0.86,0.516
M,married,53.48,1,government,tertiary,5505.33,22749.14,1732.02,A,3.95,0.6,2.37,A,3.1,0.6,FALSE,1.86,0.85,0.51
F,married,69.48,2,retired,tertiary,3464.41,14908.22,1375.13,A,3.15,0.6,1.89,A,2.3,0.6,FALSE,1.38,0.85,0.51
F,married,68.55,2,retired,tertiary,2964.37,15027.12,757.78,A,2.95,0.6,1.77,A,2.1,0.6,FALSE,1.26,0.85,0.51
F,married,67.67,3,retired,secondary,1155.99,4246.66,671.94,A,2.44,0.6,1.464,A,1.6,0.6,FALSE,0.96,0.84,0.504
F,married,67.65,2,retired,tertiary,3473.04,13510.82,1446.99,A,3.13,0.6,1.878,A,2.3,0.6,FALSE,1.38,0.83,0.498
F,married,32.82,1,IT,professional,14417.33,33815.58,5330.74,A,4.58,0.6,2.748,A,5.4,0.6,FALSE,3.24,0.82,0.492
M,married,51.88,1,manuf,tertiary,5562.99,8107.16,749.26,A,3.22,0.6,1.932,A,2.4,0.6,FALSE,1.44,0.82,0.492
M,married,44.98,0,IT,tertiary,8599.29,17046.94,690.07,A,3.81,0.6,2.286,A,3,0.6,FALSE,1.8,0.81,0.486
M,married,39.64,1,legal,secondary,1377.08,12324.87,1658.48,A,3.71,0.6,2.226,A,2.9,0.6,FALSE,1.74,0.81,0.486
F,married,50.31,1,education,secondary,1673.52,9544.12,415.25,A,3.01,0.6,1.806,A,2.2,0.6,FALSE,1.32,0.81,0.486
F,married,67.08,2,retired,secondary,910.38,13777.26,317.43,A,2.61,0.6,1.566,A,1.8,0.6,FALSE,1.08,0.81,0.486
M,married,39.23,1,IT,tertiary,2951.64,22628.96,2103.93,A,4.2,0.6,2.52,A,3.4,0.6,FALSE,2.04,0.8,0.48
F,married,45.57,1,IT,secondary,1741.81,6693.95,1467.53,A,3.3,0.6,1.98,A,2.5,0.6,FALSE,1.5,0.8,0.48
F,married,65.46,1,retired,tertiary,2858.91,16698.8,991.9,A,3.08,0.6,1.848,A,2.3,0.6,FALSE,1.38,0.78,0.468
F,married,65.73,1,retired,tertiary,4196.66,6455.25,1000.72,A,2.78,0.6,1.668,A,2,0.6,FALSE,1.2,0.78,0.468
M,married,56.16,2,manuf,tertiary,3782.55,34553.75,1520.36,A,3.97,0.6,2.382,A,3.2,0.6,FALSE,1.92,0.77,0.462
M,married,39.67,2,medicine,secondary,2398.56,12410.33,1799.99,A,3.77,0.6,2.262,A,3,0.6,FALSE,1.8,0.77,0.462
F,married,65.69,2,retired,tertiary,3389.95,17050.13,616.14,A,2.96,0.6,1.776,A,2.2,0.6,FALSE,1.32,0.76,0.456
F,married,66.6,2,retired,secondary,1482.38,5450.84,853.58,A,2.56,0.6,1.536,A,1.8,0.6,FALSE,1.08,0.76,0.456
F,married,47.34,1,finance,tertiary,5238.33,22848.29,1419.34,A,3.92,0.6,2.352,A,3.2,0.6,FALSE,1.92,0.72,0.432
M,married,44.67,1,IT,tertiary,8132.24,24369.63,597.14,A,3.92,0.6,2.352,A,3.2,0.6,FALSE,1.92,0.72,0.432
F,married,47.43,1,government,tertiary,2772.37,17504.14,1545.83,A,3.61,0.6,2.166,A,2.9,0.6,FALSE,1.74,0.71,0.426
F,married,64.14,2,government,tertiary,4252.58,28470.93,1779.88,A,3.7,0.6,2.22,A,3,0.6,FALSE,1.8,0.7,0.42
F,married,48.27,4,construct,tertiary,2961.09,14832.21,1692.57,A,3.49,0.6,2.094,A,2.8,0.6,FALSE,1.68,0.69,0.414
F,single,21.68,0,medicine,tertiary,11417.49,30237.18,2474.62,B,4.31,1,4.31,B,3.9,1,FALSE,3.9,0.41,0.41
F,married,57.58,3,government,secondary,2476.57,9756.43,287.37,A,2.68,0.6,1.608,A,2,0.6,FALSE,1.2,0.68,0.408
M,married,23.31,2,medicine,secondary,2880.73,20074.72,2677.53,A,4.08,0.6,2.448,A,3.4,0.6,FALSE,2.04,0.68,0.408
M,married,47.45,3,legal,tertiary,9824.64,27201.52,2169.49,A,4.47,0.6,2.682,A,3.8,0.6,FALSE,2.28,0.67,0.402
F,married,56.56,1,manuf,secondary,2507.43,9260.45,226.96,A,2.57,0.6,1.542,A,2,0.6,FALSE,1.2,0.57,0.342
F,married,49.25,1,government,tertiary,5001.77,21091.49,865.9,A,3.46,0.6,2.076,A,2.9,0.6,FALSE,1.74,0.56,0.336
F,married,45.88,1,government,secondary,2491.66,11977.83,741.6,A,3.06,0.6,1.836,A,2.5,0.6,FALSE,1.5,0.56,0.336
F,married,46.52,4,legal,secondary,2741.33,33294.7,1869.07,A,4.05,0.6,2.43,A,3.5,0.6,FALSE,2.1,0.55,0.33
F,married,49.65,2,manuf,secondary,3035.64,18242.22,490.67,A,3.04,0.6,1.824,A,2.5,0.6,FALSE,1.5,0.54,0.324
F,married,40.19,4,finance,secondary,1691.79,14634.09,737.15,A,3.24,0.6,1.944,A,2.7,0.6,FALSE,1.62,0.54,0.324
F,married,40.04,2,education,secondary,889.78,7187.12,600.96,A,2.93,0.6,1.758,A,2.4,0.6,FALSE,1.44,0.53,0.318
F,married,40.06,2,finance,secondary,1904.58,16616.19,1863.34,A,3.62,0.6,2.172,A,3.1,0.6,FALSE,1.86,0.52,0.312
F,married,54.6,2,government,tertiary,5594.86,27035.11,1515.62,A,3.69,0.6,2.214,A,3.2,0.6,FALSE,1.92,0.49,0.294
M,married,25.7,2,IT,tertiary,5320.13,23998.9,3264.33,A,4.38,0.6,2.628,A,3.9,0.6,FALSE,2.34,0.48,0.288
F,married,46.46,2,legal,tertiary,2798.99,43531.06,1777.19,A,4.28,0.6,2.568,A,3.8,0.6,FALSE,2.28,0.48,0.288
F,married,44.66,1,government,secondary,2417.24,18229.78,677.54,A,3.18,0.6,1.908,A,2.7,0.6,FALSE,1.62,0.48,0.288
F,married,38.94,4,IT,secondary,2783.93,16931.62,2010.78,A,3.66,0.6,2.196,A,3.2,0.6,FALSE,1.92,0.46,0.276
F,married,38.24,2,legal,secondary,2608.09,18379.8,1469.98,A,3.55,0.6,2.13,A,3.1,0.6,FALSE,1.86,0.45,0.27
M,married,37.24,2,finance,tertiary,9934.74,23748.84,411.86,A,3.73,0.6,2.238,A,3.3,0.6,FALSE,1.98,0.43,0.258
F,married,59.75,2,manuf,tertiary,7054.62,29325.25,1504.43,A,3.62,0.6,2.172,A,3.2,0.6,FALSE,1.92,0.42,0.252
M,married,36.68,4,construct,secondary,2518.44,21573.03,760.48,A,3.39,0.6,2.034,A,3,0.6,FALSE,1.8,0.39,0.234
F,married,39.9,1,finance,tertiary,5374,28661.26,718.21,A,3.68,0.6,2.208,A,3.3,0.6,FALSE,1.98,0.38,0.228
F,married,40.35,2,government,tertiary,2480.29,1963.2,664.64,A,2.67,0.6,1.602,A,2.3,0.6,FALSE,1.38,0.37,0.222
M,married,34.24,1,government,secondary,671.45,14609.19,316.64,A,3.06,0.6,1.836,A,2.7,0.6,FALSE,1.62,0.36,0.216
F,married,40.61,1,legal,postgrad,9866.57,39977.43,4368.58,A,4.65,0.6,2.79,A,5,0.6,FALSE,3,0.35,0.21
F,married,61.54,1,manuf,tertiary,5914.25,39930.19,1508.37,A,3.74,0.6,2.244,A,3.4,0.6,FALSE,2.04,0.34,0.204
F,married,42,1,legal,secondary,4799.06,30839.42,1800.77,A,3.94,0.6,2.364,A,3.6,0.6,FALSE,2.16,0.34,0.204
F,married,34.04,1,construct,secondary,8793.8,29779.08,1685.83,A,3.57,0.6,2.142,A,3.9,0.6,FALSE,2.34,0.33,0.198
F,married,38.69,2,manuf,tertiary,2577.21,20133.86,1397.77,A,3.42,0.6,2.052,A,3.1,0.6,FALSE,1.86,0.32,0.192
F,married,63.78,0,government,postgrad,7998.08,39702.7,2608.73,A,4.11,0.6,2.466,A,3.8,0.6,FALSE,2.28,0.31,0.186
F,married,55.04,4,legal,postgrad,10045.11,53157.56,3999.99,A,4.7,0.6,2.82,A,5,0.6,FALSE,3,0.3,0.18
F,married,63.95,1,construct,tertiary,2511.49,41205.04,3674.55,A,4.1,0.6,2.46,A,3.8,0.6,FALSE,2.28,0.3,0.18
F,married,29.95,0,education,professional,8366.13,11356.18,4540.69,A,4.04,0.6,2.424,A,4.3,0.6,FALSE,2.58,0.26,0.156
F,married,40.26,2,manuf,tertiary,4615.42,24099.57,1496.82,A,3.56,0.6,2.136,A,3.3,0.6,FALSE,1.98,0.26,0.156
F,married,37.25,2,legal,secondary,2846.08,33184.85,1632.77,A,3.86,0.6,2.316,A,3.6,0.6,FALSE,2.16,0.26,0.156
F,married,34.39,1,medicine,secondary,2592.05,19997.06,1809.98,A,3.65,0.6,2.19,A,3.4,0.6,FALSE,2.04,0.25,0.15
F,married,44.75,1,construct,tertiary,2420.5,38886.13,2389.5,A,4.04,0.6,2.424,A,3.8,0.6,FALSE,2.28,0.24,0.144
F,married,32.97,1,IT,secondary,2349.11,21257.88,700.84,A,3.33,0.6,1.998,A,3.1,0.6,FALSE,1.86,0.23,0.138
F,married,28.44,1,IT,tertiary,9692.85,24417.25,3595.77,A,4.18,0.6,2.508,A,4.4,0.6,FALSE,2.64,0.22,0.132
F,married,39.7,1,government,tertiary,5139.22,21477.92,1683.46,A,3.62,0.6,2.172,A,3.4,0.6,FALSE,2.04,0.22,0.132
F,married,29,0,IT,tertiary,8825.1,34080.86,2663.18,A,4.19,0.6,2.514,A,4.4,0.6,FALSE,2.64,0.21,0.126
F,married,40.09,3,legal,tertiary,3148.99,44393.4,1788.78,A,4.17,0.6,2.502,A,4,0.6,FALSE,2.4,0.17,0.102
F,married,46.34,1,legal,postgrad,4112.24,42339.04,4231.79,A,4.76,0.6,2.856,A,4.6,0.6,FALSE,2.76,0.16,0.096
F,married,60.57,3,manuf,postgrad,4645.1,44507.68,3625.06,A,4.24,0.6,2.544,A,4.1,0.6,FALSE,2.46,0.14,0.084
M,married,51.62,2,IT,professional,8264.78,42469.55,5004.01,A,5.02,0.6,3.012,A,4.9,0.6,FALSE,2.94,0.12,0.072
M,married,35.61,2,legal,tertiary,11836.42,46907.68,971.43,A,4.24,0.6,2.544,A,4.3,0.6,FALSE,2.58,0.06,0.036
M,married,38.39,2,legal,postgrad,9716.73,40142.47,4163.75,A,4.88,0.6,2.928,A,4.9,0.6,FALSE,2.94,0.02,0.012
F,married,54.58,3,legal,postgrad,9812.87,34692.69,4697.37,A,4.6,0.6,2.76,A,4.6,0.6,FALSE,2.76,0,0
M,single,26.11,0,construct,tertiary,11134.33,29668.82,2625.36,None,4.13,0,0,None,4.2,0,FALSE,0,0.07,0
M,single,27.49,0,finance,tertiary,6274.42,31235.94,425.29,None,3.8,0,0,None,3.4,0,FALSE,0,0.4,0
F,widowed,59.52,0,manuf,tertiary,3057.19,19852.02,960.3,None,3.45,0,0,None,2.5,0,FALSE,0,0.95,0
M,married,41.84,0,medicine,postgrad,11882.82,40171.24,3111.32,None,4.8,0,0,None,4.7,0,FALSE,0,0.1,0
F,single,28.05,0,manuf,secondary,2567.61,21152.85,729.63,None,3.26,0,0,None,3.1,0,FALSE,0,0.16,0
F,married,35.14,3,IT,tertiary,5450.78,26521.68,3285.01,None,4.19,0,0,None,4.1,0,FALSE,0,0.09,0
F,divorced,48.23,0,education,tertiary,2662.92,9192.94,542.59,None,3.44,0,0,None,2.3,0,FALSE,0,1.14,0
M,married,39.98,3,finance,tertiary,6242.31,31949.34,1990.88,None,4.37,0,0,None,3.8,0,FALSE,0,0.57,0
F,married,39.99,1,manuf,postgrad,11134.33,29668.82,2625.36,None,4.01,0,0,None,4.2,0,FALSE,0,0.19,0
M,divorced,37.24,0,finance,secondary,2787.26,15301.64,1075.66,None,3.63,0,0,None,2.9,0,FALSE,0,0.73,0
M,single,18.87,0,manuf,tertiary,4227.16,4845.49,1128.4,None,3.09,0,0,None,2.3,0,FALSE,0,0.79,0
M,widowed,49.14,2,government,postgrad,6686.83,14672.46,1146.47,None,3.76,0,0,None,2.9,0,FALSE,0,0.86,0
M,divorced,68.81,1,retired,tertiary,4126.48,26052.77,862.67,None,3.52,0,0,None,2.6,0,FALSE,0,0.92,0
F,married,40.26,1,government,tertiary,5506.54,5548.35,1349.03,None,3.08,0,0,None,2.8,0,FALSE,0,0.28,0
M,divorced,52.15,0,government,secondary,1765.88,15124.42,694.46,None,3.33,0,0,None,2.4,0,FALSE,0,0.93,0
F,divorced,45.08,2,IT,secondary,2983.46,7480.37,1229.89,None,3.47,0,0,None,2.6,0,FALSE,0,0.87,0
M,single,31.94,0,legal,tertiary,7358.2,16375.01,2498.31,None,4.12,0,0,None,3.7,0,FALSE,0,0.42,0
F,widowed,60.04,1,government,secondary,2418.97,12398.8,625.45,None,3.1,0,0,None,2.1,0,FALSE,0,1,0
F,divorced,39.5,2,legal,professional,12148.92,60728.75,6007.71,None,5.12,0,0,None,6.2,0,FALSE,0,1.08,0
F,married,57.52,1,IT,tertiary,7471.02,22820.1,982.6,None,3.65,0,0,None,2.9,0,FALSE,0,0.75,0
M,single,18.12,0,IT,tertiary,4761.13,22695.65,2994.76,None,4.29,0,0,None,3.4,0,FALSE,0,0.89,0
F,married,41.29,3,construct,tertiary,3799.14,13254.39,968.81,None,3.16,0,0,None,2.8,0,FALSE,0,0.36,0
F,divorced,44.65,3,education,tertiary,3799.14,13254.39,968.81,None,3.7,0,0,None,2.7,0,FALSE,0,1,0
M,married,51.97,3,manuf,tertiary,5324.56,20283.42,2426.71,None,4,0,0,None,3.3,0,FALSE,0,0.7,0
F,divorced,61.07,0,finance,tertiary,2440.94,23938.84,3593.53,None,4.34,0,0,None,3.3,0,FALSE,0,1.04,0
M,married,48.38,2,legal,tertiary,8083.97,15564.63,3714.57,None,4.44,0,0,None,3.8,0,FALSE,0,0.64,0
F,married,26.06,0,manuf,tertiary,6227.44,17914.7,1486.35,None,3.36,0,0,None,3.3,0,FALSE,0,0.06,0
M,divorced,44.27,2,legal,postgrad,10245.73,53183.04,4069.67,None,5.07,0,0,None,5.2,0,FALSE,0,0.13,0
M,single,22.14,0,manuf,tertiary,2203.2,20314.88,865.97,None,3.45,0,0,None,2.8,0,FALSE,0,0.65,0
F,divorced,65.62,1,retired,secondary,1790.63,10962.2,800,None,2.96,0,0,None,1.9,0,FALSE,0,1.06,0
M,married,30.4,2,legal,tertiary,6376.43,30559.19,3641.21,None,4.56,0,0,None,4.5,0,FALSE,0,0.06,0
F,divorced,29.38,4,medicine,tertiary,5723.03,13712.8,2578.85,None,3.97,0,0,None,3.6,0,FALSE,0,0.37,0
F,married,24.81,2,government,tertiary,2596.64,4726.52,1493.89,None,2.97,0,0,None,2.7,0,FALSE,0,0.27,0
M,married,24.48,1,IT,secondary,1467.6,14374.54,1830.72,None,3.74,0,0,None,3,0,FALSE,0,0.74,0
F,single,25.74,0,medicine,tertiary,3594.76,22383.16,2158.18,None,4.07,0,0,None,3.5,0,FALSE,0,0.57,0
F,divorced,36.47,4,manuf,professional,4613.95,7199.97,2870.89,None,3.64,0,0,None,3.4,0,FALSE,0,0.24,0
M,single,44.8,0,finance,secondary,1364.12,12475.28,1078.92,None,3.63,0,0,None,2.6,0,FALSE,0,1.03,0
F,married,24.45,4,IT,tertiary,5641.8,10367.15,3450.23,None,3.79,0,0,None,3.5,0,FALSE,0,0.29,0
F,widowed,81.11,0,retired,postgrad,4037.83,22082.21,1606.4,None,3.61,0,0,None,2.6,0,FALSE,0,1.01,0
M,divorced,28.61,1,government,tertiary,5001.42,33044.58,1506.36,None,3.98,0,0,None,3.8,0,FALSE,0,0.18,0
M,divorced,52.86,1,government,tertiary,2560.89,20476.58,1724.23,None,3.88,0,0,None,2.9,0,FALSE,0,0.98,0
F,divorced,32.75,0,IT,tertiary,2018,13819.49,3095.33,None,4.03,0,0,None,3.6,0,FALSE,0,0.43,0
M,married,28.34,3,finance,tertiary,6888.33,19419.06,2957.27,None,4.25,0,0,None,3.9,0,FALSE,0,0.35,0
F,married,27.27,0,government,postgrad,8776.03,32287.4,1326.82,None,3.73,0,0,None,3.8,0,FALSE,0,0.07,0
F,married,56.82,2,IT,secondary,501.19,14856.95,845.22,None,3.23,0,0,None,2.2,0,FALSE,0,1.03,0
F,single,22.49,0,construct,tertiary,833.95,7982.35,1847.39,None,3.29,0,0,None,2.7,0,FALSE,0,0.59,0
F,divorced,44.54,0,legal,secondary,2998.03,22924.8,2380.19,None,4.15,0,0,None,3.4,0,FALSE,0,0.75,0
M,married,25.22,3,manuf,secondary,3024.56,18122.72,246.02,None,3.06,0,0,None,2.7,0,FALSE,0,0.36,0
M,divorced,26.56,0,IT,tertiary,4550.06,35243.3,1330.49,None,4.16,0,0,None,3.7,0,FALSE,0,0.46,0
M,single,26.17,0,education,secondary,518.31,5415.47,340.88,None,2.94,0,0,None,2.3,0,FALSE,0,0.64,0
F,married,33.3,0,IT,secondary,1995.46,6698.99,1696.41,None,3.22,0,0,None,2.9,0,FALSE,0,0.32,0
F,married,53.89,1,IT,secondary,2748.06,12374.74,1659.15,None,3.47,0,0,None,2.6,0,FALSE,0,0.87,0
F,married,46.26,2,medicine,tertiary,8685.1,16347.43,3079.21,None,4.12,0,0,None,3.7,0,FALSE,0,0.42,0
M,single,18.33,0,legal,tertiary,7075.8,19753.74,3235.07,None,4.29,0,0,None,3.5,0,FALSE,0,0.79,0
M,married,26.36,2,construct,secondary,7075.8,19753.74,3235.07,None,3.92,0,0,None,3.9,0,FALSE,0,0.02,0
M,married,41.9,2,IT,tertiary,5997.13,28018.11,2830.63,None,4.49,0,0,None,3.9,0,FALSE,0,0.59,0
M,divorced,48.32,1,education,tertiary,4140.88,29985.99,1551.03,None,4.32,0,0,None,3.3,0,FALSE,0,1.02,0
F,divorced,55.44,2,medicine,tertiary,6794.31,23856.41,2542.95,None,4.27,0,0,None,3.4,0,FALSE,0,0.87,0
F,single,20.66,0,government,tertiary,5159.07,26943.04,1248.71,None,3.73,0,0,None,3.1,0,FALSE,0,0.63,0
M,single,30.94,0,manuf,secondary,1971.91,12011.13,1324.6,None,3.29,0,0,None,3,0,FALSE,0,0.29,0
F,single,18.13,0,IT,tertiary,3731.78,28344.45,1766.65,None,4.08,0,0,None,3.2,0,FALSE,0,0.88,0
F,divorced,42.37,1,finance,postgrad,6005.47,28574.1,3891.82,None,4.67,0,0,None,4.2,0,FALSE,0,0.47,0
F,divorced,44.67,2,finance,professional,7920.28,30442.1,4855.88,None,4.84,0,0,None,4.6,0,FALSE,0,0.24,0
F,divorced,34.86,0,government,secondary,4235.13,12507.62,973.18,None,3.25,0,0,None,3,0,FALSE,0,0.25,0
M,divorced,45.18,0,manuf,secondary,2777.59,13160.98,579.82,None,3.23,0,0,None,2.5,0,FALSE,0,0.73,0
F,single,28.32,0,IT,secondary,833.95,7982.35,1847.39,None,3.47,0,0,None,3,0,FALSE,0,0.47,0
M,married,35.29,0,construct,secondary,13323.66,42042.22,1863.74,None,4.06,0,0,None,4.5,0,FALSE,0,0.44,0
F,single,27.51,0,government,tertiary,2706.91,18779.72,1815.32,None,3.7,0,0,None,3.3,0,FALSE,0,0.4,0
M,divorced,45.29,1,government,postgrad,10409.91,25991.45,3877.31,None,4.56,0,0,None,4.3,0,FALSE,0,0.26,0
M,widowed,66.83,3,retired,tertiary,4423.49,14138.62,1725.63,None,3.51,0,0,None,2.5,0,FALSE,0,1.01,0
F,widowed,60.4,0,construct,secondary,4423.49,14138.62,1725.63,None,3.45,0,0,None,2.6,0,FALSE,0,0.85,0
M,married,25.56,0,legal,tertiary,10260.4,35395.14,1114.47,None,4.13,0,0,None,3.8,0,FALSE,0,0.33,0
M,widowed,63.23,2,IT,tertiary,4862.79,23123.36,1154.96,None,3.93,0,0,None,2.7,0,FALSE,0,1.23,0
F,widowed,42.53,1,government,secondary,1818.06,16010.54,1148.39,None,3.44,0,0,None,2.8,0,FALSE,0,0.64,0
M,divorced,38.12,2,government,tertiary,5119.58,32637.73,1147.19,None,3.93,0,0,None,3.6,0,FALSE,0,0.33,0
F,married,45.84,0,education,tertiary,2123.25,33123.36,412.79,None,3.69,0,0,None,3,0,FALSE,0,0.69,0
M,widowed,54.57,2,government,professional,6464.25,13847.67,3396.37,None,4.11,0,0,None,3.4,0,FALSE,0,0.71,0
F,married,21.25,3,IT,tertiary,5560.75,22291.94,1425.89,None,3.7,0,0,None,3.1,0,FALSE,0,0.6,0
M,single,35.35,0,legal,professional,5353.29,78908.26,6588.21,None,5.18,0,0,None,6.7,0,FALSE,0,1.52,0
F,married,39.85,1,IT,postgrad,6359.56,38861.46,3001.37,None,4.45,0,0,None,4.3,0,FALSE,0,0.15,0
M,single,34.22,0,IT,professional,17113.55,49273.97,5586.55,None,5.05,0,0,None,6.1,0,FALSE,0,1.05,0
F,married,35.95,2,IT,tertiary,4564.24,23215.66,480.99,None,3.44,0,0,None,3.1,0,FALSE,0,0.34,0
M,widowed,60.8,0,legal,postgrad,15043.55,43270.69,4362.99,None,4.89,0,0,None,5,0,FALSE,0,0.11,0
F,widowed,85.39,0,retired,secondary,1526.03,9955.63,1109.47,None,2.95,0,0,None,1.8,0,FALSE,0,1.15,0
F,single,45.4,0,finance,secondary,1939.03,14563.74,2113.17,None,3.91,0,0,None,3,0,FALSE,0,0.91,0
F,married,44.84,2,construct,postgrad,1939.03,14563.74,2113.17,None,3.63,0,0,None,3,0,FALSE,0,0.63,0
M,widowed,55.37,0,IT,postgrad,13323.66,42042.22,1863.74,None,4.54,0,0,None,4.2,0,FALSE,0,0.34,0
F,widowed,81.51,1,retired,professional,6582.68,23086.21,1252.35,None,3.56,0,0,None,2.7,0,FALSE,0,0.86,0
M,single,20.45,0,legal,postgrad,10175.69,44571.74,3717.04,None,4.8,0,0,None,4.6,0,FALSE,0,0.2,0
F,married,32.8,0,government,tertiary,7770.16,20574.24,598.61,None,3.23,0,0,None,3.3,0,FALSE,0,0.07,0
F,single,25.14,0,IT,secondary,2136.27,6140.72,1165.06,None,3.24,0,0,None,2.6,0,FALSE,0,0.64,0
F,divorced,55.74,0,IT,tertiary,7601.88,10542.32,1634.96,None,3.75,0,0,None,2.8,0,FALSE,0,0.95,0
F,widowed,61.57,0,construct,secondary,7601.88,10542.32,1634.96,None,3.34,0,0,None,2.7,0,FALSE,0,0.64,0
F,married,38.02,2,education,secondary,2096.09,5260.28,124.88,None,2.63,0,0,None,2.3,0,FALSE,0,0.33,0
F,single,38.23,0,manuf,secondary,2554.89,15220.98,1246.17,None,3.34,0,0,None,3,0,FALSE,0,0.34,0
F,single,31.74,0,manuf,secondary,2292.04,12670.44,762.69,None,3.07,0,0,None,2.9,0,FALSE,0,0.17,0
F,single,18.05,0,education,postgrad,5373.11,25914.87,2177.5,None,4.21,0,0,None,3.3,0,FALSE,0,0.91,0
M,divorced,46.49,0,medicine,professional,18384.36,59245.05,7024.55,None,5.36,0,0,None,6.7,0,FALSE,0,1.34,0
F,married,42.81,2,government,secondary,2606.17,8993.19,838.21,None,2.94,0,0,None,2.5,0,FALSE,0,0.44,0
F,single,27.88,0,IT,tertiary,6143.89,27405.98,1492.19,None,4.03,0,0,None,3.6,0,FALSE,0,0.43,0
M,single,29.93,0,legal,tertiary,5147.8,33935.66,3097.83,None,4.52,0,0,None,4.4,0,FALSE,0,0.12,0
F,divorced,44.85,0,finance,tertiary,5811.77,23783.91,1312.09,None,4.07,0,0,None,3.2,0,FALSE,0,0.87,0
M,married,39.97,1,construct,tertiary,5147.8,33935.66,3097.83,None,4.32,0,0,None,4.2,0,FALSE,0,0.12,0