index, sex, mstatus, age, children, occupation, education, income, avbal, avtrans, decision
1,F,married,56.82,1,legal,secondary,3105.39,33003.48,1776.81,None
2,M,widowed,87.35,3,retired,tertiary,4874.08,18941.99,863.56,None
3,M,single,28.75,0,manuf,professional,14232.37,30013.32,3231.14,B
4,F,married,35.71,0,education,postgrad,3214.93,15423.24,1996.09,None
5,M,single,20.53,0,construct,tertiary,3214.93,15423.24,1996.09,None
6,F,married,60.39,0,manuf,secondary,2478.11,11436.23,463.68,None
7,F,married,23.07,2,legal,professional,19715.69,60259.76,5624.25,None
8,F,married,31.88,1,education,secondary,3356.69,7424.35,145.25,None
9,M,married,62.71,3,construct,tertiary,3356.69,7424.35,145.25,None
10,M,divorced,43.52,2,IT,secondary,673.86,10977.69,200.38,None
11,F,married,66.15,0,retired,tertiary,2350.12,15075,1687.73,None
12,M,married,26.41,1,education,tertiary,3983.86,13557.57,984.02,None
13,M,married,22.81,0,finance,postgrad,5167.35,19008.33,1141.05,None
14,M,divorced,47.2,3,finance,tertiary,5358.23,23972.95,1988.45,None
15,M,single,21.38,0,medicine,secondary,1790.78,20102.4,2204.08,None
16,F,married,40,1,manuf,tertiary,7167.15,15068.04,1748.94,None
17,F,single,34.09,0,construct,postgrad,7167.15,15068.04,1748.94,None
18,M,single,25.39,0,government,tertiary,4943.25,5899.82,1577.68,None
19,F,single,41.74,0,medicine,secondary,2869.25,15317.34,980.39,None
20,M,divorced,51.85,0,manuf,postgrad,10274.65,26727.86,2259.59,None
21,M,married,28.38,4,IT,tertiary,5657.13,17438.08,1994.03,A
22,F,married,25.74,0,finance,professional,13094.17,51277.41,3747.48,None
23,F,single,28.03,0,manuf,postgrad,9986.75,44775.16,2662.94,None
24,M,single,27.43,0,education,tertiary,4121.55,19983.49,1102.11,None
25,F,married,39.95,2,legal,tertiary,3302.41,24920.76,1165.51,A
26,F,divorced,30.81,3,finance,tertiary,8656.88,15072.42,2290.34,None
27,M,divorced,45.17,1,finance,postgrad,5378.92,21331.51,2838.42,None
28,M,married,39.13,2,finance,secondary,1262.29,21288.97,1963.87,None
29,F,single,44.43,0,medicine,tertiary,7058.44,41237.96,3912.06,None
30,F,single,23.84,0,manuf,secondary,3853.06,11865.44,712.75,None
31,M,widowed,70.83,1,retired,postgrad,2604.68,13671.58,1026.93,None
32,M,married,61.49,4,manuf,secondary,1376.26,12145.47,1235.43,A
33,M,single,20.91,0,medicine,postgrad,10622.85,25455.03,3927.36,None
34,F,married,35.31,2,manuf,secondary,1584.06,16853.17,1028.19,None
35,M,married,39.97,3,medicine,postgrad,9675.09,54522.38,3774.26,A
36,M,married,23.43,1,finance,tertiary,3791.18,31456.42,1342.56,None
37,M,divorced,57.12,3,construct,tertiary,3791.18,31456.42,1342.56,None
38,F,divorced,44.77,1,construct,postgrad,3791.18,31456.42,1342.56,None
39,M,single,28,0,legal,tertiary,9956.44,30937.8,3866.72,None
40,M,single,26.9,0,manuf,tertiary,5000.87,25165.38,2360.42,B
41,M,single,24.13,0,manuf,tertiary,7797.77,1850.62,1311.82,None
42,F,married,41.94,2,finance,postgrad,3561.05,28721.1,3967.53,None
43,F,single,34.23,0,government,tertiary,5011.08,39541.94,1501.54,None
44,F,single,25.93,0,IT,secondary,1662.21,12033.74,1286.34,None
45,M,single,25.83,0,legal,tertiary,7226.4,29092.73,2682.05,None
46,M,divorced,32.6,3,IT,secondary,1045.43,22064.53,1101.11,None
47,F,divorced,44.25,2,IT,secondary,1645.65,9154.42,1364.2,None
48,M,married,44.65,1,government,tertiary,5194.72,13796.11,1628.31,A
49,F,divorced,28.66,1,legal,tertiary,6612.07,28284.88,3669.22,B
50,M,widowed,56.51,1,IT,tertiary,8917.89,11595.8,1444.51,None
51,M,married,29.83,2,construct,professional,8917.89,11595.8,1444.51,None
52,F,married,39.76,1,manuf,tertiary,5295.78,21398.78,1260.13,None
53,F,single,23.23,0,medicine,tertiary,8664.08,22064.65,2269.68,B
54,M,married,36.46,2,finance,tertiary,5566.4,10965.36,3491.51,None
55,F,divorced,65.3,1,retired,postgrad,3328.51,10105.98,1445.43,None
56,F,single,40.12,0,education,secondary,2763,16595.83,294.69,None
57,M,married,58.89,2,manuf,tertiary,2210.32,7543.98,1293.92,A
58,F,divorced,57.84,0,government,secondary,2500.88,5691.44,1278.66,None
59,F,married,40.83,0,finance,postgrad,8250.71,29394.42,2933.97,None
60,F,divorced,44.99,3,IT,tertiary,7370.43,21856.57,2041.91,None
61,M,married,31.11,1,finance,professional,9968.58,40680.7,4708.21,None
62,F,single,22.84,0,finance,secondary,2161.05,13856.56,1200.11,None
63,M,divorced,57.07,2,manuf,tertiary,4996.54,15985.3,2328.75,None
64,F,divorced,27.59,1,manuf,secondary,869.36,6742.84,912.21,None
65,M,married,33.18,1,medicine,secondary,2284.61,16098.74,1196.33,A
66,F,married,40.52,1,manuf,tertiary,2513.18,4514.59,2096.18,A
67,M,married,48.22,2,medicine,tertiary,6157.58,19623.35,3155.41,None
68,M,divorced,36.8,2,manuf,postgrad,5187.16,23739.22,3320.07,None
69,F,single,23.39,0,finance,professional,12847.93,33671.32,4842.15,None
70,M,widowed,58.15,1,government,tertiary,6009.9,21335.52,744.47,None
71,M,married,59.57,1,IT,tertiary,5889.16,12906.45,2054.14,None
72,F,single,31.35,0,medicine,tertiary,6908.85,18864.89,3231.41,None
73,F,married,42.03,1,legal,tertiary,2357.66,21720.73,1768.79,None
74,M,married,39.98,1,education,postgrad,7843.23,25455.76,2704.42,None
75,F,widowed,60.49,2,finance,postgrad,9080.6,28877.91,3018.18,None
76,F,divorced,43.33,2,government,tertiary,4958.71,28646.42,1789.41,None
77,M,divorced,27.47,3,manuf,postgrad,8361.6,45263.75,3473.89,B
78,M,divorced,62.99,1,finance,secondary,802.8,18040.08,2061.85,None
79,F,married,39.32,1,medicine,tertiary,7230.79,38445.33,2721.86,None
80,M,divorced,29.71,1,finance,tertiary,9646.94,32848.65,1905.73,B
81,M,married,39.39,0,government,tertiary,5554.4,19919.86,1018.94,A
82,F,married,39.88,0,manuf,secondary,3154.09,16423.29,748.04,None
83,M,married,38.37,0,finance,postgrad,9390.76,13989.95,3580.26,None
84,M,married,39.79,1,IT,secondary,579.42,16311.43,814.35,None
85,M,married,65.61,2,retired,professional,5351.61,37993.15,1498.5,None
86,F,single,22.11,0,education,tertiary,5581.19,20631.73,967.65,None
87,M,single,45.63,0,construct,tertiary,5581.19,20631.73,967.65,None
88,M,single,40.44,0,finance,secondary,1996.56,19775.39,861.81,None
89,M,married,31.41,0,government,secondary,2577.15,8128.83,865.83,None
90,F,married,39.78,1,legal,tertiary,6991.31,20261.34,2400.23,None
91,M,divorced,45.45,2,finance,tertiary,9046.3,29269.81,3420.82,None
92,F,widowed,57.16,3,government,tertiary,4963.11,19252.75,2157.89,None
93,F,married,66.9,0,retired,secondary,1927.01,5491.91,815.74,None
94,M,divorced,56.77,2,government,professional,3680.44,24848.83,3538.4,None
95,F,single,21.77,0,government,professional,9074.18,45822.57,3808.06,None
96,M,single,44.25,0,government,postgrad,9828.13,39151.61,1585.55,None
97,M,divorced,43.1,1,IT,secondary,2440.21,19562.72,1236.97,None
98,F,married,51.22,4,government,tertiary,5259.4,19997,2231.66,None
99,M,divorced,57.57,0,construct,secondary,5259.4,19997,2231.66,None
100,M,single,32.82,0,manuf,postgrad,11710.38,22848.83,3276.89,None
101,F,married,53.5,1,manuf,tertiary,6527.98,19557.48,746.47,A
102,M,single,28.04,0,finance,secondary,2966.88,21066.84,1196.25,None
103,F,widowed,50.86,1,legal,secondary,3146.1,8741.4,1175.31,None
104,M,married,56.94,1,government,tertiary,4978.89,18633.57,1335.63,None
105,F,married,61.92,3,finance,secondary,1778.85,15817.56,831.48,None
106,F,widowed,58.67,2,government,secondary,2500.62,14213.94,453,None
107,M,married,61.31,3,IT,tertiary,4670.3,22049.58,2548.68,A
108,F,married,55.76,1,construct,tertiary,4670.3,22049.58,2548.68,None
109,F,married,37.65,3,legal,professional,7642.11,78385.03,6008.57,None
110,F,single,44.45,0,IT,postgrad,11037.44,43257.93,2113.02,None
111,M,married,66.36,0,retired,postgrad,3875.63,20791.49,1077.71,None
112,M,married,32.7,1,construct,tertiary,3875.63,20791.49,1077.71,None
113,F,married,43.9,4,education,tertiary,3546.13,14623.72,999.89,None
114,F,single,28.57,0,finance,postgrad,13056.93,35535.66,4908.91,None
115,F,single,24.41,0,construct,secondary,13056.93,35535.66,4908.91,None
116,M,married,39.62,0,manuf,tertiary,2463.54,1694.22,1500.08,None
117,M,married,52.79,2,government,tertiary,4408.43,24776.96,1946.16,None
118,M,divorced,45.59,2,construct,secondary,4408.43,24776.96,1946.16,None
119,F,single,27.97,0,government,postgrad,11814.06,39759.75,1111.54,None
120,M,married,39.9,2,education,tertiary,3455.08,19904.04,544.94,None
121,F,widowed,49.66,2,education,secondary,2992.71,11353.67,303.33,None
122,F,widowed,61.05,1,finance,postgrad,12020.48,47258.04,3712.02,None
123,M,single,45.85,0,medicine,professional,12214.12,72994.93,7301.07,None
124,F,divorced,56.94,0,construct,secondary,12214.12,72994.93,7301.07,None
125,M,married,37.51,1,finance,secondary,1450.11,15996.83,735.94,None
126,M,single,26.66,0,manuf,professional,8650.53,10467.77,3871.36,None
127,F,married,39.97,2,government,tertiary,4906.33,20328.02,673.85,None
128,M,single,27.67,0,construct,postgrad,4906.33,20328.02,673.85,B
129,M,married,41.77,0,manuf,tertiary,5849.22,28504.76,1458.2,None
130,F,widowed,59.71,3,finance,professional,10170.47,45338.34,4761.22,None
131,F,single,28.31,0,finance,tertiary,7067.84,14085.66,3020.8,None
132,F,single,35.06,0,manuf,secondary,3508.96,12346.86,437.7,None
133,F,married,58.36,1,IT,tertiary,2510.42,23947.57,1990.3,A
134,M,married,36.71,1,government,secondary,4030.26,2377.23,409.25,None
135,F,divorced,34.82,2,medicine,tertiary,6701.74,16363.95,3541.74,None
136,F,single,28.77,0,finance,secondary,2231.17,16432.66,1186.89,None
137,M,single,21.75,0,government,secondary,3086.05,10153.88,592.97,B
138,F,married,49.28,0,medicine,tertiary,6967.26,28809.91,1473.94,None
139,M,single,21.62,0,finance,tertiary,6052.6,26303.88,2001.31,B
140,M,married,40.11,2,finance,secondary,3295.55,11103.75,1225.06,A
141,M,married,40.06,2,manuf,secondary,2320.77,19511.52,1260.93,A
142,F,single,30.49,0,construct,postgrad,2320.77,19511.52,1260.93,None
143,M,divorced,46.15,2,legal,tertiary,6234.92,18363.03,3940.24,None
144,M,married,38.09,1,finance,postgrad,10279.43,14525.43,3731.24,None
145,F,married,43.42,0,finance,tertiary,6140.75,36572.83,2015.91,None
146,F,married,58.98,2,manuf,tertiary,3507.01,12834.27,1958.05,A
147,F,married,50.84,0,finance,postgrad,10716.45,34888.58,3899.33,A
148,M,divorced,32.18,0,finance,tertiary,6118.91,24017.18,2372,None
149,F,married,39.45,1,manuf,secondary,2417.48,11452.9,271.75,A
150,M,single,25.43,0,IT,secondary,2181.87,12695.79,1233.78,None
151,F,single,27.35,0,IT,secondary,1211.64,14537.96,1127.08,None
152,F,widowed,60.08,0,government,postgrad,8446.99,14132.2,1077.38,None
153,F,married,63.91,3,construct,postgrad,8446.99,14132.2,1077.38,A
154,F,married,34.14,2,manuf,postgrad,8634.24,44913.59,2236.69,None
155,M,divorced,45.01,1,education,postgrad,6764.74,12294.81,1840.94,None
156,M,divorced,55.07,2,construct,secondary,6764.74,12294.81,1840.94,None
157,F,married,42.01,1,finance,tertiary,5721.88,26370.11,642.18,A
158,M,married,26.28,2,medicine,tertiary,7010.4,24533.69,1329.07,None
159,F,single,26.56,0,manuf,postgrad,8892.31,25245.63,2545.98,B
160,M,divorced,44.2,0,government,tertiary,2256.53,20103.89,1618.65,None
161,M,married,40.81,3,construct,professional,2256.53,20103.89,1618.65,None
162,M,single,34.44,0,government,secondary,2381.57,17593.71,278.01,None
163,F,married,28.36,2,IT,secondary,1557.8,16706.25,1236.9,None
164,M,divorced,64.46,3,finance,tertiary,6624.39,18540.12,1867.26,None
165,F,married,50.24,2,medicine,postgrad,12275.08,28592.25,4309.14,None
166,M,divorced,36.74,0,government,tertiary,7737.91,11885.22,1548.4,None
167,M,married,39.96,1,manuf,postgrad,11223.81,16528.01,1250.11,None
168,F,married,32.09,2,construct,secondary,11223.81,16528.01,1250.11,None
169,F,married,26.77,3,IT,tertiary,7828.41,24030.28,1793.85,None
170,M,widowed,45.64,2,legal,postgrad,11076.64,39165.49,4656.02,None
171,M,married,27.53,1,government,postgrad,10168.13,46470.32,2624.87,A
172,F,single,26.71,0,construct,secondary,10168.13,46470.32,2624.87,B
173,F,married,43.92,1,government,secondary,2545.29,8967.41,915.71,None
174,M,married,34.88,1,manuf,secondary,722.07,11707.8,843.7,None
175,F,married,58.26,1,medicine,tertiary,6886.83,29094.03,1178.01,None
176,F,widowed,55.51,1,government,tertiary,6855.79,16536.76,877.52,None
177,M,divorced,31.46,1,education,secondary,1989.72,11991.44,303.69,None
178,F,married,39.8,1,government,secondary,3742.28,14590.72,769.22,None
179,M,single,29.26,0,finance,tertiary,5998.49,11741.35,2034.94,None
180,F,widowed,41.66,3,IT,secondary,2200.89,25663.49,1212.2,None
181,F,divorced,45,0,IT,secondary,1463.39,16051.12,1213.22,None
182,F,married,29.26,1,construct,tertiary,1463.39,16051.12,1213.22,A
183,M,married,36.83,2,finance,tertiary,5717.02,27100.5,1031.46,None
184,F,married,30.27,3,construct,secondary,5717.02,27100.5,1031.46,None
185,F,single,28.1,0,government,postgrad,7999.78,13969.58,2650.37,None
186,F,married,51.61,1,construct,postgrad,7999.78,13969.58,2650.37,A
187,M,single,20.84,0,legal,secondary,2749.09,13471.51,1863.63,None
188,M,single,27.85,0,finance,secondary,2509.43,21737.39,1027.04,None
189,F,divorced,49.69,2,construct,tertiary,2509.43,21737.39,1027.04,None
190,F,divorced,35.64,2,government,professional,10875.01,40252.13,1017.16,None
191,M,divorced,50.23,3,education,tertiary,5560.42,28887.65,999.76,None
192,F,married,31.07,3,government,tertiary,3951.12,20632.88,1478.18,A
193,M,divorced,66.41,3,retired,tertiary,2219.78,20866.69,1398.47,None
194,F,married,38.8,1,government,postgrad,8081.6,19182.55,2260.06,None
195,F,married,29.01,2,IT,tertiary,7488.13,36289.03,806.72,None
196,F,widowed,86.8,2,retired,professional,4689.28,33038,1353.32,None
197,F,single,38.09,0,medicine,professional,18900.69,50930.82,6210.63,None
198,M,married,32.84,2,IT,tertiary,3448.01,18036.78,2607.85,None
199,M,married,55.67,0,IT,secondary,2594.06,19719.45,1660.6,None
200,M,single,23.33,0,medicine,tertiary,10339.55,28237.32,1395.03,B
201,F,married,35.82,1,finance,professional,11144.99,33709.7,7672.02,A
202,F,married,68.66,1,retired,postgrad,2999.64,20974.84,1270.29,None
203,M,married,43.13,0,government,postgrad,8045.89,21474.17,1800.08,None
204,F,divorced,73.3,2,retired,tertiary,4378.06,14914.94,1372.8,None
205,F,married,26.39,1,manuf,secondary,1535.98,12060.32,796.67,A
206,M,single,28.74,0,IT,tertiary,4295.75,19601.9,792.41,None
207,M,married,26.64,3,medicine,secondary,508.1,14406.19,1713.48,None
208,M,married,39.98,3,manuf,tertiary,2248.96,20332.04,1651.66,None
209,F,married,30.18,3,construct,postgrad,2248.96,20332.04,1651.66,None
210,M,single,27.69,0,government,secondary,2082.23,17948.54,982.88,None
211,F,single,21.99,0,legal,tertiary,9465.08,17810.63,2466.62,B
212,F,single,21.23,0,manuf,tertiary,7253.39,8782.71,1781.74,None
213,F,married,22.09,1,IT,secondary,1500.4,21697.37,1862.66,None
214,M,married,24.35,0,medicine,secondary,2600.58,17139.96,2255.63,A
215,F,married,29.22,3,finance,postgrad,11316.8,34265.83,3322.55,None
216,F,married,41.34,2,IT,tertiary,5331.59,34455.95,1429.28,None
217,F,single,42.45,0,education,postgrad,3206.45,32625.71,2199.25,None
218,M,single,26.52,0,IT,tertiary,8686.04,11643.91,2039.02,B
219,F,divorced,28.94,0,IT,tertiary,9185.92,23511,1782.03,None
220,M,married,38.32,4,finance,secondary,2834.5,13840.58,1621.68,A
221,F,married,64.08,0,government,tertiary,3532.75,24530.75,1575.74,None
222,F,married,64.38,4,construct,tertiary,3532.75,24530.75,1575.74,None
223,M,single,27.01,0,finance,tertiary,6845.55,24968.19,2027,None
224,F,married,31.78,0,manuf,secondary,1487.43,12210.94,952.73,A
225,M,single,39.76,0,government,tertiary,4331.79,24014.18,1500.92,None
226,F,married,41.04,1,manuf,secondary,3826.66,19680.21,752.83,None
227,F,married,40.29,0,finance,postgrad,5914.94,19348.1,3012.47,None
228,F,single,28.24,0,education,secondary,1991.69,4492.65,303.23,None
229,F,divorced,63.93,0,medicine,professional,11960.26,61138.6,6896.69,None
230,M,widowed,85.45,3,retired,tertiary,2532.79,15022.52,842.1,None
231,M,married,37.02,2,government,secondary,2120.58,14361.43,838.99,None
232,M,married,40.39,2,legal,secondary,3621.7,17251.08,1817.26,None
233,M,widowed,44.81,2,government,tertiary,5658.75,19880.98,2343.09,None
234,F,single,38.03,0,finance,postgrad,7109.13,29609.07,3001.48,None
235,M,widowed,62.13,2,education,tertiary,3993.99,21914.89,1784.22,None
236,F,widowed,79.38,2,retired,secondary,1440.97,9955.54,1124.78,None
237,F,widowed,80.8,0,retired,postgrad,4001.88,28406.52,1328.02,None
238,F,single,23.36,0,construct,postgrad,4001.88,28406.52,1328.02,None
239,F,married,40.37,2,construct,tertiary,4001.88,28406.52,1328.02,A
240,M,married,31.98,1,manuf,secondary,3880.48,11596.28,211.76,None
241,F,single,28.25,0,finance,tertiary,4995.42,24000.3,1621.18,None
242,M,single,30.89,0,legal,tertiary,7551.81,22593.02,2691.9,None
243,M,divorced,69.94,1,retired,tertiary,4437.68,21442.62,473.72,None
244,M,single,44.81,0,IT,postgrad,9134.84,47529.84,3537.32,None
245,F,single,31.29,0,government,tertiary,5416.61,20017.6,2437.66,None
246,M,married,47.35,2,manuf,tertiary,2866.3,18821,1161.29,A
247,M,widowed,65.3,1,retired,postgrad,2767.03,10176.98,1795.02,None
248,F,married,54.5,2,IT,secondary,1391.94,18549.12,1724.06,None
249,M,widowed,43.35,0,finance,secondary,1662.56,14508.79,1197.35,None
250,M,divorced,47.78,0,medicine,postgrad,9390.82,17968.03,2414.97,None
251,M,married,38.65,1,education,secondary,1996.59,18509.98,475.83,A
252,F,married,28.9,0,manuf,tertiary,6966.33,21990.4,2153.95,None
253,M,married,39.86,0,manuf,professional,6084.82,42728.23,5584.11,None
254,M,married,28.13,4,medicine,secondary,3821.92,21615.32,823.58,None
255,M,single,44.6,0,IT,postgrad,13794.92,13342.87,3221.08,None
256,F,divorced,38.99,3,manuf,secondary,1770.34,20869.3,926.4,None
257,F,married,38.52,2,IT,secondary,1525.86,16513.18,1277.17,None
258,F,single,28.32,0,finance,postgrad,9067.76,40767.69,3553.09,None
259,F,married,48.01,2,manuf,tertiary,5584.26,20010.4,1482.22,None
260,F,married,55.78,2,construct,tertiary,5584.26,20010.4,1482.22,A
261,F,divorced,57.43,3,government,secondary,3149.69,12134.08,795.49,None
262,F,divorced,45.16,2,government,postgrad,7311.08,18248.45,3152.17,None
263,M,single,24.62,0,manuf,secondary,2333.57,9458.71,295.89,None
264,M,married,44.42,3,legal,postgrad,16074.76,38266.96,3526.25,A
265,F,married,58.6,1,finance,tertiary,7307.93,20024.65,2774.01,None
266,F,married,38.95,2,IT,tertiary,5981.44,27497.47,1459.83,A
267,F,divorced,27.56,2,government,postgrad,2536.2,25039.67,3442.84,None
268,M,married,40.01,2,medicine,secondary,3233.24,20215.56,1121.44,A
269,M,married,23.99,3,construct,professional,3233.24,20215.56,1121.44,None
270,F,divorced,45.87,2,finance,tertiary,6179.19,21269.47,1503.78,None
271,M,married,30.84,0,government,secondary,1941.58,15737.93,215.52,None
272,F,widowed,65.63,2,retired,postgrad,4009.99,10476.27,509.94,None
273,F,divorced,44.97,3,finance,tertiary,6695,20729.48,2259.65,None
274,F,single,32.22,0,manuf,secondary,2980.29,12719.64,893.49,None
275,M,married,50.55,2,finance,postgrad,6265.25,36320.75,3731.41,A
276,F,widowed,50.42,1,construct,tertiary,6265.25,36320.75,3731.41,None
277,F,single,35.89,0,manuf,tertiary,2212.73,11873.57,1080.16,None
278,F,married,37.98,4,government,secondary,1181.14,19858.82,823.23,None
279,M,married,50.27,2,IT,postgrad,12644.42,17608.87,3388.32,None
280,F,single,26.22,0,construct,postgrad,12644.42,17608.87,3388.32,B
281,F,married,28.46,2,legal,secondary,3647.41,25342.83,2610.19,None
282,F,single,43.63,0,education,secondary,1268.31,14855.89,684,None
283,F,married,46.83,4,finance,tertiary,5715.3,10225.96,1579.61,None
284,F,widowed,74.28,1,retired,secondary,1445.29,11096.25,820.81,None
285,M,divorced,65.7,1,retired,tertiary,4642.65,12208.85,1339.7,None
286,M,single,45.27,0,government,tertiary,5406.25,15012.63,1084.38,None
287,M,divorced,42.84,0,manuf,tertiary,6321.12,19969.13,1572.46,None
288,F,married,40.07,1,government,tertiary,2627.26,19714.35,1404.2,A
289,F,married,69.09,1,retired,secondary,1932.81,9124.46,781.4,A
290,M,married,36.25,0,medicine,secondary,2126.57,9519.55,1788.15,A
291,M,widowed,44.25,3,manuf,secondary,4497.39,12198.9,881.98,None
292,F,married,59.34,2,IT,tertiary,5897.32,30069.58,724.83,A
293,M,widowed,62.99,2,legal,tertiary,2804.96,31031.11,2590.77,None
294,M,divorced,62.22,2,government,secondary,2488.64,10866.6,968.54,None
295,M,single,20.46,0,legal,postgrad,7573.42,27623.04,4959.68,B
296,F,widowed,85.5,1,retired,tertiary,2570.37,16876.54,400.03,None
297,M,divorced,66.09,0,retired,secondary,534.9,7015.03,788.32,None
298,F,married,67.67,3,retired,postgrad,3972.5,19529.2,1445.9,A
299,F,married,69.84,3,retired,postgrad,3073.23,33108.03,424.79,A
300,F,single,42.04,0,government,secondary,2141.49,18951.46,795.97,None
301,M,married,50.59,0,manuf,tertiary,3085.8,35105.37,891.45,None
302,F,married,58.67,2,IT,secondary,2461.32,11150.49,1260.11,None
303,F,widowed,53.6,1,education,tertiary,3337.16,28301.52,1257.7,None
304,M,single,28.58,0,IT,tertiary,7339.9,13364.08,1591.63,B
305,F,widowed,70.46,2,retired,postgrad,5797.28,33672.38,519.92,None
306,F,single,23.56,0,IT,postgrad,5704.32,17544.8,3000.02,None
307,F,married,40,2,manuf,tertiary,4247.5,20500.39,1443.43,A
308,M,divorced,41.63,2,manuf,tertiary,5588.66,16456.78,1150.25,None
309,M,widowed,50.85,4,manuf,postgrad,9310.84,25973.99,2505.14,None
310,F,married,42.4,0,government,tertiary,5188.82,20342.63,1445.37,None
311,F,married,63.48,2,legal,postgrad,9463.68,17361.7,3999.6,None
312,M,married,46.15,2,legal,secondary,2729.69,18324.89,2709.47,None
313,F,single,35.34,0,government,tertiary,5452.64,5402.37,2343.84,None
314,F,married,49.66,1,IT,postgrad,7505.61,46430.14,2997.21,None
315,M,widowed,57.88,1,medicine,secondary,5382.84,21458.64,1585.45,None
316,F,married,39.01,2,construct,tertiary,5382.84,21458.64,1585.45,None
317,F,single,43.1,0,construct,secondary,5382.84,21458.64,1585.45,None
318,F,single,27.59,0,government,tertiary,7485.82,21420.86,2433.15,None
319,M,single,24.41,0,construct,tertiary,7485.82,21420.86,2433.15,None
320,F,single,27.98,0,government,professional,8888.45,51543.76,1953.44,None
321,F,married,23.88,1,legal,professional,12039.95,51404.59,3137.56,None
322,F,married,38.36,2,government,secondary,3303.45,8427.29,1217.02,None
323,M,divorced,39.76,4,IT,tertiary,7747.57,21820.13,2569.67,None
324,F,married,67.02,0,retired,tertiary,2161.14,15849.68,1348.57,A
325,M,married,39.63,1,manuf,tertiary,7793.29,20860.62,1468.64,A
326,F,single,20.73,0,IT,secondary,2948.88,12580.51,721.98,None
327,M,married,32.03,3,IT,postgrad,9066.49,32186.72,2999.98,None
328,M,widowed,89.91,2,retired,tertiary,3830.58,16578.83,1259.18,None
329,M,married,39.04,2,construct,postgrad,3830.58,16578.83,1259.18,A
330,M,married,68.51,1,retired,tertiary,4215.06,4563.31,1651.31,A
331,F,married,38.74,0,manuf,tertiary,5024.36,25499.6,1074.15,None
332,M,married,42.07,1,manuf,tertiary,5637.61,36424.14,989.58,A
333,M,single,32.64,0,manuf,tertiary,3837.49,22595.95,1480.21,None
334,F,married,50.11,1,finance,secondary,843.07,16185.91,445.06,A
335,F,married,55.2,1,IT,secondary,1583.69,16304.24,659.55,None
336,F,divorced,27.37,4,IT,secondary,1987.63,15818.82,1099.65,None
337,M,widowed,58.83,2,finance,secondary,2864.27,7819.02,650.9,None
338,M,married,39.95,4,legal,postgrad,8882.35,40293.11,5939.93,None
339,M,single,33.3,0,IT,secondary,2138.89,22048.03,265.22,None
340,M,single,20.94,0,finance,secondary,2014.88,8745.38,1850.98,None
341,M,divorced,47.09,2,construct,secondary,2014.88,8745.38,1850.98,None
342,F,married,34.21,1,legal,tertiary,8891.85,42118.33,2018.23,A
343,F,married,49.38,0,construct,secondary,8891.85,42118.33,2018.23,A
344,F,divorced,65.66,1,retired,secondary,872.52,9633.83,708.01,None
345,F,divorced,53.49,0,legal,postgrad,10167.85,30890.61,5220.9,None
346,F,married,59.56,2,IT,secondary,1738.57,16035.35,1301.17,None
347,M,single,35.89,0,manuf,postgrad,3777.18,25017.73,2498.86,None
348,F,married,37.94,2,construct,professional,3777.18,25017.73,2498.86,A
349,M,married,39.63,0,finance,professional,12048.15,34593.71,7299.56,None
350,M,single,29.44,0,construct,professional,12048.15,34593.71,7299.56,None
351,F,single,27.79,0,manuf,secondary,3197.57,11993.19,1374.47,None
352,F,married,32.96,2,IT,tertiary,7467.59,34680.22,1984.68,None
353,M,single,23.21,0,government,postgrad,2987.97,42676.55,2496.35,None
354,F,single,33.99,0,manuf,secondary,3052.68,12092.85,851.02,None
355,F,married,50.18,0,finance,secondary,511.38,7457.52,1153.44,None
356,F,married,41.31,2,construct,secondary,511.38,7457.52,1153.44,None
357,F,divorced,38.84,1,finance,postgrad,9518.87,14494.98,1667.17,None
358,M,married,48.96,0,construct,tertiary,9518.87,14494.98,1667.17,A
359,F,divorced,70.1,1,retired,secondary,1833.28,16831.52,924.95,None
360,F,divorced,37.96,2,government,tertiary,7573.87,7463.45,582.86,None
361,F,married,37.81,0,manuf,tertiary,6670.27,25640.38,527.66,None
362,M,divorced,62.28,3,construct,tertiary,6670.27,25640.38,527.66,None
363,M,married,25.93,2,IT,tertiary,4985.57,10973.46,2729.26,A
364,F,married,48.21,1,construct,tertiary,4985.57,10973.46,2729.26,A
365,M,married,28.07,0,government,tertiary,5002.68,12144.19,2225.71,None
366,F,married,35.48,1,manuf,secondary,3356.19,8739.98,294.13,None
367,M,married,39.2,3,manuf,postgrad,2889.19,12049.87,2636.81,None
368,M,divorced,45.01,3,finance,tertiary,8859.35,15480.89,1845.23,None
369,F,single,26.23,0,manuf,tertiary,4951.78,26957.78,761.54,None
370,F,married,35.93,2,manuf,tertiary,3124.31,17124.01,867.15,A
371,M,married,38.63,2,IT,tertiary,6307.21,25866.39,716.93,A
372,F,widowed,55.1,1,legal,tertiary,6710.38,27755.88,1209.6,None
373,M,divorced,69.66,0,retired,postgrad,5657.63,25986.84,1349.48,None
374,M,single,18.05,0,construct,tertiary,5657.63,25986.84,1349.48,None
375,F,married,38.33,0,IT,secondary,1708.38,15048.69,480.3,None
376,F,widowed,81.56,2,retired,tertiary,3960.11,15056.3,679.79,None
377,F,divorced,71.72,1,retired,tertiary,2836.73,7133.06,243.67,None
378,F,single,47.55,0,manuf,tertiary,7760.13,13585.9,1608.84,None
379,F,married,37.95,2,manuf,tertiary,6338.04,33152.18,1795.56,A
380,M,married,39.2,2,IT,tertiary,6021.57,29708.62,2023.66,A
381,M,widowed,59.76,2,finance,postgrad,7019.95,12112.66,3000.81,None
382,F,divorced,38.53,1,construct,tertiary,7019.95,12112.66,3000.81,None
383,F,married,59.65,0,IT,tertiary,3420.04,24980.83,3009.88,None
384,F,divorced,42.3,1,finance,postgrad,4630.31,28998.11,3166.05,None
385,F,divorced,26.6,1,government,secondary,1804.89,10185.35,687.71,None
386,M,single,43.98,0,manuf,professional,4856.72,29800.92,3829.94,None
387,F,single,40.55,0,legal,tertiary,7035.51,44155.93,3188.92,None
388,M,single,47.89,0,manuf,secondary,1426.36,4914.78,1328.45,None
389,M,married,49.97,3,finance,tertiary,6182.02,35875.1,1303.76,None
390,F,single,45.12,0,government,secondary,2441.51,14167.96,924.49,None
391,M,married,59.58,0,education,secondary,2973.54,3234.87,1017.62,None
392,F,married,44.07,2,finance,secondary,767.75,11850.44,1325.96,None
393,M,married,37.71,0,legal,secondary,3216.32,7789.15,1319.78,None
394,M,married,43.64,2,manuf,secondary,1926.66,14675,1185.01,None
395,M,single,25.99,0,education,professional,11239.19,55977.79,4318.37,None
396,M,single,27.74,0,construct,postgrad,11239.19,55977.79,4318.37,B
397,F,married,40.87,2,legal,secondary,2884.27,10959.44,1065.22,None
398,M,married,44.59,2,education,professional,6724.33,30160.66,3153.15,None
399,F,single,24.72,0,construct,tertiary,6724.33,30160.66,3153.15,None
400,M,single,19.69,0,finance,tertiary,5937.34,25586.27,1342.67,None
401,M,widowed,57.03,0,government,tertiary,4441.41,1590.23,748.14,None
402,F,married,30.93,2,government,tertiary,4180.72,8735.23,1499.7,A
403,F,married,39.52,2,government,secondary,4166.72,15307.29,236.68,A
404,F,divorced,32.59,1,IT,tertiary,4906.49,23105.66,1834.93,None
405,F,single,22.22,0,government,postgrad,5636.37,25011.36,2535.67,None
406,M,divorced,47.06,1,finance,secondary,1257.84,19956.19,425.87,None
407,F,married,39.96,3,IT,secondary,2253.39,13349.16,777.23,A
408,F,divorced,47.29,4,education,postgrad,3900.43,15212.5,883,None
409,F,married,40.26,1,IT,secondary,3286.1,18494.87,1221.27,None
410,F,single,28,0,government,secondary,1843.91,4531.9,1208.46,None
411,M,married,57.46,1,legal,secondary,4661.25,23557.58,1737.89,None
412,F,divorced,42.3,3,legal,tertiary,6728.16,31189.5,3695.57,None
413,F,married,40,0,IT,postgrad,10653.49,30033.14,4103.15,None
414,F,divorced,50.04,1,manuf,tertiary,5298.03,33920.4,1500.14,None
415,F,divorced,51.41,1,IT,secondary,3434.82,17621.82,1209.87,None
416,M,single,41.63,0,finance,secondary,1282,15890.52,1446.68,None
417,M,single,20,0,IT,tertiary,6776.93,32781.6,2804.99,None
418,M,married,25.31,2,IT,secondary,2015.87,14953.83,1199.88,None
419,F,married,40.15,1,government,postgrad,7538.49,4638.31,1880.18,None
420,M,divorced,47.2,2,finance,secondary,2360.47,13504.55,2195.52,None
421,F,married,49.11,2,finance,tertiary,9219.76,28814.28,1230.7,A
422,M,married,32.64,1,legal,tertiary,10283.55,30008.13,1748.56,A
423,M,single,18.13,0,education,tertiary,2349.42,9989.01,1007.41,None
424,F,single,34.08,0,IT,tertiary,3995.66,16378.48,2116.76,None
425,F,single,36.11,0,manuf,tertiary,6934.92,26534.28,1434.66,None
426,M,single,45.81,0,IT,secondary,1743.26,14885.43,1206.65,None
427,F,divorced,41.38,4,manuf,postgrad,7996.04,35515.14,2094.92,None
428,F,divorced,66.65,1,retired,postgrad,4425.45,29600.36,1122.1,None
429,F,married,37.75,3,education,secondary,2044.98,13226.12,181.69,None
430,M,single,27.22,0,government,tertiary,4706.28,20140.35,1368.86,None
431,F,single,27.96,0,government,tertiary,7295.89,25399.72,1505.92,None
432,F,divorced,44.79,1,finance,secondary,1093.26,17643.79,1357.15,None
433,M,divorced,59.06,2,education,secondary,1539.08,21834.78,776.93,None
434,M,single,24.35,0,manuf,secondary,2048.54,11285.16,978.51,None
435,F,divorced,41.92,2,government,postgrad,2500.22,16570.72,2739.64,None
436,F,divorced,72.92,2,retired,postgrad,5358.66,10731.84,1063.16,None
437,F,divorced,48.5,0,construct,postgrad,5358.66,10731.84,1063.16,None
438,M,divorced,46.27,0,manuf,tertiary,5797.69,36154.76,1410.4,None
439,F,single,29.83,0,government,postgrad,7797.2,25054.15,3970.1,None
440,M,widowed,79.78,0,retired,tertiary,3667.55,15010.56,665.02,None
441,M,single,21.53,0,IT,tertiary,9941.92,18677.31,2009.22,None
442,F,divorced,41.65,0,education,tertiary,3176.8,20000.59,780.2,None
443,F,single,45.23,0,government,postgrad,6684.38,27636.88,3950.75,None
444,F,single,23.55,0,legal,secondary,3000.36,26802.91,929.53,None
445,M,widowed,59.71,2,education,secondary,2647.72,12061.22,84.43,None
446,M,divorced,41.72,2,government,tertiary,2485.13,23438.27,1462.45,None
447,M,married,32.63,4,finance,secondary,1730.58,16511.9,1851.99,None
448,F,divorced,27.43,2,education,secondary,2035.53,11471.68,439.72,None
449,F,married,56.83,1,finance,secondary,2371.89,21955.26,1614.6,None
450,F,married,33.35,1,legal,tertiary,4437.66,19844.82,2489.46,A
451,F,single,25.82,0,finance,tertiary,2350.48,26244.81,2214.36,None
452,F,married,59.96,0,finance,tertiary,7351.53,33034.05,674.53,None
453,M,divorced,43.19,0,government,tertiary,4449.75,22624.1,1274.35,None
454,M,divorced,41.15,0,finance,secondary,738.95,15779.52,1382.27,None
455,F,married,51.92,1,education,postgrad,4892.6,25482.14,2894.78,A
456,M,married,36.28,1,education,secondary,1591,10211.59,916.71,None
457,F,married,51.17,0,IT,postgrad,9308.28,30079.84,1885.25,None
458,M,single,27.51,0,manuf,tertiary,6062.1,20560.95,1295.14,None
459,F,married,28.16,1,legal,tertiary,2880.85,29718.85,2538.6,A
460,M,married,68.16,0,retired,secondary,1951.32,2700.51,765.54,None
461,F,single,34,0,finance,tertiary,7185.3,23265.02,1103.85,None
462,F,single,44.57,0,manuf,secondary,1674.91,14522.72,488.82,None
463,F,married,36.81,2,manuf,tertiary,5223.23,19613.9,2069.82,None
464,M,married,30.86,3,manuf,tertiary,4975.3,17166.43,1169.43,None
465,F,single,41.86,0,finance,postgrad,3652.92,30785.56,3152.84,None
466,M,single,32.12,0,IT,tertiary,6000.39,24503.51,787.1,None
467,F,married,38.82,2,finance,professional,12786.15,33769.61,2758.88,None
468,M,married,55.76,1,government,postgrad,13393.43,3794.19,2492.07,None
469,F,single,27.94,0,IT,secondary,2987.61,13622.4,547.52,None
470,M,single,47.48,0,manuf,secondary,1138.75,6919.85,341.5,None
471,F,divorced,64.89,2,manuf,secondary,1791.56,11295.41,799.94,None
472,M,widowed,58.66,0,government,tertiary,5006.93,10404.44,1448.95,None
473,F,single,28.03,0,IT,tertiary,6163.24,11725.56,2001.96,B
474,M,divorced,31.26,1,manuf,professional,3514.06,55554.49,3809.98,None
475,F,widowed,58.72,1,IT,professional,7700.25,45038.76,2355.94,None
476,M,divorced,67.84,2,retired,postgrad,2625.81,20696.63,867.35,None
477,M,single,27.05,0,finance,secondary,2374.29,16314.95,746.54,None
478,M,married,38.76,2,finance,professional,16070.13,49844.14,4705.1,None
479,M,divorced,42.64,2,government,tertiary,6406.75,39372.53,1783.25,None
480,M,divorced,45.32,1,medicine,tertiary,10719.57,29524.05,2074.57,None
481,M,single,23.65,0,manuf,secondary,1121.06,12028.5,1285.31,None
482,F,divorced,71.11,0,retired,tertiary,3261.51,12437.5,1138.77,None
483,F,married,30.46,0,government,postgrad,8210.81,13904.08,2881.68,A
484,F,married,43.98,2,legal,secondary,3165.79,8494.17,1903.63,None
485,F,single,20.28,0,legal,tertiary,6781.92,21991.83,2884,B
486,F,married,26.86,2,education,tertiary,2109.48,19095.84,1103.11,None
487,M,widowed,51.84,2,education,tertiary,5959.18,4796.45,1720.6,None
488,M,married,35.5,0,IT,postgrad,13632.16,39115.7,1235.37,None
489,M,married,40.83,0,finance,tertiary,4203.52,17934.65,1215.02,None
490,M,single,25.53,0,IT,secondary,1990.25,17078.56,1141.5,None
491,M,divorced,34.9,0,government,secondary,2564.85,18698.4,768.51,None
492,M,divorced,57.09,1,finance,postgrad,12961.14,29922.37,1981.44,None
493,M,single,40.81,0,education,tertiary,3907.75,19774.9,1484.8,None
494,M,married,67.7,2,retired,tertiary,3500.03,15629.71,361.46,None
495,M,married,38.96,3,finance,secondary,1926.55,15713.06,875.48,A
496,M,married,45.42,4,construct,professional,1926.55,15713.06,875.48,A
497,F,single,28.01,0,legal,secondary,2312.22,16175.42,1226.34,None
498,M,divorced,59.35,1,manuf,tertiary,7478.17,4814.42,2436.66,None
499,F,single,23.14,0,education,secondary,1793.76,16597.95,595.33,B
500,F,single,25.05,0,finance,secondary,2569.11,18864.38,724.63,None
501,F,divorced,52.36,2,government,professional,11524.54,20139.88,6080.2,None
502,F,married,52.27,0,medicine,professional,11564.12,60286.61,4299.58,None
503,F,married,39.84,3,finance,tertiary,4421.93,28299.57,2460.58,None
504,M,widowed,45.28,4,legal,tertiary,7000.99,19806.22,2508.43,None
505,F,married,36.61,0,finance,secondary,661.03,18118.42,2003.13,None
506,M,married,20.2,0,construct,tertiary,661.03,18118.42,2003.13,None
507,F,divorced,47.56,3,finance,postgrad,8414.09,41495.14,2999.48,None
508,F,single,28.17,0,education,tertiary,4007.31,15915.4,1159.84,None
509,M,single,27.84,0,government,tertiary,3327.88,5597.75,1518.82,None
510,F,single,32.37,0,finance,tertiary,2588.95,15714.75,3062.53,None
511,F,single,25.82,0,finance,postgrad,7689.36,33416.4,1990.2,None
512,F,married,33.64,0,education,tertiary,3473.84,19627.13,206.98,None
513,M,single,39.5,0,IT,tertiary,7128.14,26372.59,2004.44,None
514,M,single,23.73,0,government,tertiary,4964.64,33168.59,1383.66,None
515,F,single,40.04,0,finance,tertiary,6009.25,22844.52,1212.4,None
516,M,single,25.08,0,manuf,postgrad,9923.55,15604.72,2390.99,B
517,F,married,54.59,2,manuf,secondary,1086.68,12004.37,1325.86,None
518,M,married,32.14,0,construct,professional,1086.68,12004.37,1325.86,None
519,M,divorced,28.32,2,government,secondary,2545.87,16096.29,669.68,None
520,F,married,38.67,2,finance,tertiary,6010.26,24031.64,1818.17,None
521,M,single,28.51,0,legal,tertiary,6886.37,29409.99,2183.31,None
522,F,married,39.94,0,manuf,tertiary,2422.48,19799.41,671.26,None
523,F,divorced,72.76,3,retired,secondary,1720.76,9972.16,507.67,None
524,F,divorced,65.93,1,retired,secondary,369.52,11737.27,501.45,None
525,M,married,37.34,2,manuf,tertiary,5386.55,36293.6,2308.35,None
526,F,widowed,63.37,1,finance,postgrad,8904.19,42256.39,3002.36,None
527,M,single,20.06,0,finance,tertiary,2431.12,26988.85,2345.84,None
528,F,married,67.27,0,retired,secondary,849.11,9750.49,808.63,None
529,F,divorced,37.47,1,education,professional,2280.32,36550.24,4633.44,None
530,F,married,39.88,1,finance,secondary,1669.85,21423.57,1399.68,None
531,F,married,31.23,2,education,secondary,2642.01,19508.46,966.06,A
532,F,married,63.52,3,government,secondary,2723.4,21821.02,1324.28,None
533,M,married,24.03,1,IT,secondary,668.36,8383.41,1290.08,A
534,F,married,31.49,0,finance,postgrad,6800.7,44445.76,4463.2,None
535,F,widowed,81.65,1,retired,tertiary,3500,23900.27,1053.77,None
536,F,single,27.66,0,finance,secondary,3496.41,25664.44,1258.45,B
537,M,divorced,56.74,2,construct,secondary,3496.41,25664.44,1258.45,None
538,M,married,39.47,3,construct,professional,3496.41,25664.44,1258.45,None
539,F,single,47.27,0,construct,secondary,3496.41,25664.44,1258.45,None
540,M,widowed,74.32,2,retired,postgrad,5635.27,29054.95,1202.14,None
541,F,single,22.18,0,IT,secondary,1978.39,24109.96,1201.7,None
542,M,single,28.09,0,government,secondary,4328.09,17795.27,476.61,B
543,M,single,28,0,finance,tertiary,3490.7,23951.87,2029.82,None
544,M,divorced,49.02,2,finance,tertiary,2103.48,18577.7,995.2,None
545,F,divorced,33.37,1,medicine,secondary,782.64,15740.16,2098.98,None
546,M,married,53.59,3,government,secondary,2973.28,12826.05,947.26,A
547,M,married,59.33,1,medicine,postgrad,5827.99,51649.47,5181,None
548,F,married,40,0,finance,secondary,1927.54,8991.29,1003.8,None
549,F,divorced,59.63,3,finance,postgrad,12837.16,15063.45,3669.4,None
550,F,married,42.64,1,government,tertiary,6464.9,20359.66,724.33,None
551,F,single,47.58,0,government,tertiary,2772.29,37824.75,1302.39,None
552,M,married,45.57,0,legal,tertiary,7436.51,29997.64,2585.14,None
553,F,single,23.23,0,manuf,postgrad,8593.5,25264.35,1916.31,None
554,M,married,32.28,2,manuf,tertiary,3558.33,19216.65,713.24,A
555,F,married,61.78,2,government,secondary,2573.98,12465.27,673.91,A
556,F,divorced,26.02,4,IT,postgrad,7491.84,32860.11,3965.97,None
557,F,divorced,43.12,2,education,professional,8206.02,13127.97,3001.39,None
558,M,divorced,37.27,3,manuf,professional,16029.98,6796.77,5218.89,None
559,M,divorced,28.27,1,finance,tertiary,8350.2,37003.44,1985.23,None
560,M,married,39.54,0,manuf,tertiary,4309.54,7927.33,1483.46,A
561,F,divorced,25.4,0,manuf,postgrad,9358.84,22671.85,2623.8,None
562,F,married,64.84,1,education,professional,7233.79,41562.61,2924.97,A
563,F,single,21.01,0,government,professional,11982.47,53421.89,1783.68,B
564,F,single,31.34,0,IT,postgrad,9092.44,17367.56,3472.77,None
565,F,widowed,83.39,3,retired,postgrad,4534.29,18716.42,890.08,None
566,F,single,19.48,0,manuf,tertiary,5784.71,17111.17,2196.83,None
567,M,married,49.75,1,government,tertiary,2964.94,29658.66,673.27,None
568,M,married,39.52,2,manuf,secondary,2219.61,16136.1,280.08,A
569,F,single,28,0,construct,secondary,2219.61,16136.1,280.08,None
570,M,married,40.87,1,construct,secondary,2219.61,16136.1,280.08,None
571,F,married,29.26,1,IT,secondary,1980.27,12651.33,1287.25,None
572,M,divorced,48.92,2,IT,professional,10970.75,33154.26,6616.19,None
573,F,divorced,32.66,0,IT,postgrad,7297.42,46047.68,4702.1,None
574,F,divorced,45.12,4,finance,tertiary,4701.98,19347.37,2230.32,None
575,M,divorced,38.5,0,IT,secondary,2145.01,25493.3,1536.71,None
576,M,divorced,73.59,1,retired,tertiary,3435.89,12174.21,863.93,None
577,M,married,40,1,government,secondary,3466.81,10199.24,239.32,None
578,F,single,27.52,0,manuf,tertiary,5001.26,19843.27,1535.52,None
579,F,married,40.02,0,manuf,secondary,3157.55,12058.29,281.39,None
580,F,divorced,37.37,3,finance,tertiary,6633.34,16885.31,3406.88,None
581,M,single,18.86,0,manuf,tertiary,2863.63,19999.31,1954.86,None
582,M,married,65.63,2,retired,tertiary,2622.6,15668.92,330.88,None
583,F,divorced,28.05,3,government,postgrad,7708.39,19249.76,2485.03,B
584,F,divorced,55.56,1,government,secondary,3241.13,11092.16,799.95,None
585,F,single,39.2,0,legal,secondary,3094.49,8101.6,1704.52,None
586,F,married,41.41,2,government,tertiary,7892.99,8815.18,1638.76,None
587,M,widowed,60,2,government,tertiary,4606.89,25168.39,560.9,None
588,F,widowed,77.2,1,retired,tertiary,4851.14,23010.71,1765.31,None
589,F,married,39.15,2,manuf,postgrad,8191.96,25443.89,3700.28,None
590,F,married,43.03,2,government,secondary,619.15,2872.72,1216.9,A
591,F,divorced,51.02,1,education,postgrad,4356.52,33630.3,913.01,None
592,F,widowed,65.19,0,retired,secondary,781.87,17593.72,652.56,None
593,F,single,20.05,0,finance,secondary,1756.45,7872.09,1199.28,B
594,M,single,46.44,0,medicine,postgrad,7119.24,33107.69,4774.8,None
595,F,widowed,59.72,2,education,professional,7999.92,44733.84,3010.56,None
596,M,single,28,0,government,professional,10121.36,46721.65,3037.19,None
597,F,married,31.68,1,manuf,secondary,2730.97,15406.86,830.33,None
598,M,divorced,44.99,2,government,secondary,1028.85,9153.72,1082.24,None
599,F,single,37.35,0,manuf,secondary,2368.34,6049.24,1076.91,None
600,M,married,49.01,1,education,secondary,756.7,6730.93,45.76,None
601,M,single,32.81,0,finance,secondary,3361.07,15616.08,2119.05,None
602,F,single,44.21,0,government,secondary,2418.01,12000.81,582.9,None
603,F,married,35.56,2,construct,tertiary,2418.01,12000.81,582.9,A
604,F,divorced,36.61,1,government,secondary,1534.41,12415.32,804.11,None
605,M,single,23.23,0,government,postgrad,8675.55,10094.5,2773.25,None
606,F,married,49.03,2,legal,tertiary,7440.09,30042.31,2085.96,A
607,M,single,28.07,0,finance,secondary,565.66,15456.75,1865,None
608,F,married,39.04,0,IT,tertiary,8156.1,33611.17,1846.41,None
609,F,married,26.46,0,finance,postgrad,4282.88,19819.25,1930.6,None
610,M,married,66.64,0,retired,secondary,2282.95,9194.57,456.02,None
611,F,married,41.87,0,finance,secondary,1025.4,16198.76,937.61,None
612,F,married,41.21,0,manuf,tertiary,5008.93,22921.57,1181.78,None
613,M,married,63.06,2,manuf,secondary,3620.18,12329.6,820.9,A
614,M,married,39.74,1,construct,secondary,3620.18,12329.6,820.9,None
615,F,married,50.07,0,manuf,tertiary,5324.57,21972.23,1471.24,None
616,F,married,37.61,4,legal,tertiary,5396.38,12431.43,991.05,None
617,M,single,41.8,0,education,tertiary,4017.73,19989.3,947.94,None
618,M,married,20,3,government,secondary,4162.98,11377.4,744.48,None
619,M,married,26.66,1,education,tertiary,3913,22076.67,1668.99,None
620,M,single,20.93,0,government,postgrad,9983.88,24035.64,2787.52,None
621,M,single,19.33,0,education,secondary,3401.64,14374.65,69.49,None
622,F,divorced,68.35,3,retired,professional,7723.52,19855.56,1013.21,None
623,M,single,30.81,0,government,secondary,1001.33,12018.35,209.87,None
624,F,widowed,56.01,1,education,tertiary,4140.42,5780.7,1724.59,None
625,F,divorced,30.45,1,IT,tertiary,5358.98,22221.96,2416.88,None
626,M,married,35.05,2,finance,tertiary,5295.53,22866.75,2174.63,A
627,M,single,25.63,0,legal,tertiary,11887.31,22585.61,3944.5,None
628,M,widowed,69.61,0,retired,tertiary,2842.85,15448.78,1147.37,None
629,M,widowed,59.83,0,manuf,secondary,2528.92,11847.88,770.2,None
630,F,widowed,70.02,0,retired,postgrad,2446.3,33356.61,1240.91,None
631,M,married,25.64,2,medicine,professional,9756.36,55843.17,5122.79,A
632,F,married,39.18,2,education,professional,9691.79,24948.8,949.69,None
633,F,divorced,64.73,1,government,professional,12942.22,54919.07,1174.71,None
634,M,married,59.45,2,finance,postgrad,10426.73,29460.48,1042.93,None
635,F,married,39.27,2,IT,secondary,933.69,12302.49,1303.04,None
636,M,married,42.51,2,legal,secondary,2574.35,20220.65,828.49,None
637,F,married,38.11,2,construct,secondary,2574.35,20220.65,828.49,None
638,F,divorced,45,2,government,professional,15886.74,28400.25,1851.32,None
639,F,married,28.15,1,finance,tertiary,2746.5,18205.65,3559.71,None
640,M,divorced,25.17,2,finance,tertiary,5477.83,22224.64,2056.67,None
641,F,married,51.94,2,finance,postgrad,9198.67,33090.32,4961.85,None
642,F,divorced,69.45,2,retired,tertiary,2441.06,14987.41,331.35,None
643,F,married,37.92,2,finance,postgrad,10073.63,30795.74,3754.96,None
644,M,married,52.4,1,government,tertiary,6161.74,21338.27,1551.74,None
645,F,married,69.15,1,retired,secondary,1499.97,10697.22,1354.99,None
646,F,married,46.69,3,legal,postgrad,7174.52,51443.33,4874.25,None
647,F,single,47.75,0,IT,tertiary,6708.68,36184.38,2603.56,None
648,M,single,38.14,0,education,tertiary,3943.67,20422.36,1799.87,None
649,M,divorced,34.95,1,finance,secondary,1767,14617.1,2123.25,None
650,F,married,35.77,0,manuf,secondary,2861.86,12341.95,1379.41,A
651,F,married,45.48,1,finance,secondary,1283.11,21000.74,1087.18,None
652,M,single,25.1,0,medicine,tertiary,6179.39,25919.54,2536.51,B
653,M,single,47.58,0,IT,secondary,1935.72,15992.69,556.6,None
654,M,married,42.16,1,IT,tertiary,4561.4,15692.33,1999.36,None
655,F,single,20.56,0,IT,professional,15454.28,25290.38,4972.15,None
656,M,divorced,36.16,1,legal,secondary,4137.5,7285.46,1989.59,None
657,F,divorced,72.44,2,retired,tertiary,2137.24,12522.51,807.41,None
658,F,divorced,40.02,2,medicine,secondary,2892.27,12045.38,1589.89,None
659,M,divorced,61.14,1,IT,postgrad,14926.46,23191.1,2926.1,None
660,F,divorced,52.02,0,finance,tertiary,2968.22,21291.19,1369.14,None
661,F,single,39.89,0,education,tertiary,3882.51,23513.36,1145.44,None
662,M,single,27.24,0,manuf,tertiary,6232.86,8496.6,2021.78,None
663,M,married,35.22,1,government,secondary,2490.72,17113.91,284.02,None
664,M,single,27.89,0,legal,professional,14736.21,34852.12,6082.29,None
665,F,married,37.44,2,legal,tertiary,9218.1,29720.99,3913.3,A
666,F,divorced,47.95,1,medicine,tertiary,11306.48,45672.71,3306.97,None
667,F,widowed,58.66,0,finance,tertiary,6324.61,25830.71,2448.04,None
668,F,married,22.62,1,manuf,postgrad,6014.61,25244.07,2162.57,None
669,M,single,39.87,0,legal,tertiary,6993.92,18298.91,3138.53,None
670,M,married,45.33,2,government,postgrad,11164.85,46632.5,2541.4,None
671,M,married,38.35,0,manuf,secondary,2162.07,8888.64,808.41,None
672,M,divorced,43.03,1,IT,postgrad,8884.88,17975.16,4191.64,None
673,M,married,26.59,0,legal,secondary,2464.51,20019.82,1554.69,None
674,F,divorced,43.57,0,construct,secondary,2464.51,20019.82,1554.69,None
675,F,divorced,59.44,1,legal,postgrad,8477.8,45466.29,5885.52,None
676,F,married,41.27,2,construct,postgrad,8477.8,45466.29,5885.52,A
677,M,married,36.86,0,government,secondary,2612.11,20001.14,570.54,None
678,F,single,29.99,0,legal,secondary,1120.04,24809.72,1848.08,None
679,F,single,25.72,0,education,secondary,1110.37,12435.17,955.8,None
680,F,married,69.59,0,retired,secondary,1288.69,5364,825.7,None
681,F,single,18.92,0,government,tertiary,5071.84,1312.35,1290.1,None
682,M,married,48.64,1,manuf,tertiary,3078.33,16267.37,1496.39,None
683,F,divorced,67.8,1,retired,tertiary,4233.5,21090.72,1054.93,None
684,M,married,29.59,1,construct,tertiary,4233.5,21090.72,1054.93,None
685,M,single,35.73,0,finance,secondary,1741.13,14491.1,1045.64,None
686,M,divorced,51.91,2,IT,secondary,1601.79,15974.7,805.82,None
687,M,married,40,1,manuf,postgrad,5843.79,35709.73,2616.6,None
688,M,married,48.56,0,manuf,postgrad,4772.7,27022.71,2540.78,None
689,F,married,40.17,0,finance,secondary,1102.49,15841.46,1209.34,A
690,M,single,27.84,0,education,secondary,2661.86,5622.38,532.2,None
691,F,single,25.89,0,manuf,professional,13205.43,15820.11,6857.32,None
692,M,widowed,78.21,1,retired,secondary,1457.01,10017.72,1085.73,None
693,F,married,34.16,1,IT,tertiary,7219.35,12122.14,2029.55,A
694,M,divorced,56.92,2,IT,tertiary,4981.25,22089.9,1953.66,None
695,M,single,27.91,0,government,secondary,2244.02,10163.05,505.16,None
696,M,married,48.47,0,manuf,tertiary,5471.97,814.95,2038.46,None
697,M,married,35.34,0,finance,tertiary,4296.81,23993.14,3295.92,None
698,M,widowed,59.99,1,education,postgrad,7425.96,32669.19,1111.86,None
699,M,married,34.96,2,finance,secondary,2605.72,8699.05,530.08,None
700,M,married,58.69,0,construct,secondary,2605.72,8699.05,530.08,A
701,M,divorced,66.73,2,retired,tertiary,3713.81,26866.04,782.02,None
702,F,single,42.45,0,legal,tertiary,2865.8,42792.8,2724.65,None
703,F,single,33.52,0,manuf,tertiary,5007.86,23172.09,2174.52,None
704,F,single,28.53,0,IT,secondary,1839.69,8402.53,1383.09,None
705,F,married,31.86,0,government,secondary,2570.25,4004.41,1135.59,None
706,F,single,26.79,0,government,secondary,953.11,19712.34,789.36,None
707,F,widowed,72.76,3,retired,postgrad,3493.57,18993.73,1197.26,None
708,F,married,20.13,1,IT,secondary,1427.85,19632.56,949.35,None
709,F,married,40.02,1,manuf,tertiary,4961.27,3663.28,1493.18,None
710,M,widowed,60.02,0,manuf,tertiary,4092.82,12359.94,1530.55,None
711,M,single,31.46,0,finance,tertiary,8266.15,12433.17,1768.08,None
712,M,divorced,31.98,2,finance,secondary,3250.2,7661.93,966.24,None
713,M,married,30.24,0,manuf,professional,10797.6,43840.12,2832.01,None
714,F,divorced,72.47,2,retired,secondary,991.15,6977.61,485.29,None
715,F,single,26.55,0,construct,secondary,991.15,6977.61,485.29,None
716,M,married,25.34,3,finance,tertiary,3735.53,12715.07,3315.75,None
717,F,divorced,45.57,0,manuf,secondary,3107.78,6307.33,804.89,None
718,F,divorced,55.84,0,legal,secondary,3179.27,26469.3,1071.26,None
719,M,single,47.41,0,finance,postgrad,3285.71,19993.33,3407.56,None
720,M,divorced,43.06,2,finance,postgrad,5475.49,15278.83,3728.35,None
721,M,single,45.13,0,manuf,tertiary,5767.09,20150.48,987.14,None
722,F,married,39.69,2,legal,tertiary,2721.66,28354.99,1185.04,A
723,M,married,34.93,1,government,postgrad,9979.31,26134.38,2065.62,None
724,M,married,41.02,1,legal,secondary,3803.47,20596.94,1690.89,None
725,F,divorced,74.79,1,retired,tertiary,2620.07,15527.9,1129.35,None
726,M,married,56.38,1,government,tertiary,4988.09,22007.77,1495.21,A
727,M,widowed,53.2,0,government,postgrad,8219.18,3917.26,3754.81,None
728,M,married,27.89,1,education,tertiary,3728.02,34551.76,1792.58,A
729,M,single,28,0,education,tertiary,3470.55,16974.69,1080.62,None
730,F,single,27.96,0,medicine,secondary,4879.99,6268.61,2323.3,None
731,M,single,28,0,government,secondary,4092.2,10312.22,1027.52,None
732,M,married,24.84,2,education,postgrad,8578.81,40964.26,1154.56,None
733,F,married,40.29,0,government,tertiary,6680,9360.44,1524.87,None
734,F,married,46.24,2,IT,postgrad,9920.57,31883.49,3014.12,A
735,M,married,39.85,2,IT,tertiary,2702.8,25967.57,2444.53,None
736,M,single,39.05,0,finance,tertiary,8783.51,30179.66,1292.94,None
737,M,married,36.18,2,finance,secondary,1393.84,18977.67,2164.65,None
738,F,divorced,37.84,1,IT,postgrad,5661.21,47751.32,3000.84,None
739,F,married,67.78,1,retired,tertiary,3087.85,23905.9,1590.28,None
740,M,married,39.99,2,manuf,secondary,2535.76,20452.82,1338.44,None
741,M,single,34.21,0,manuf,secondary,2827.91,15320.42,914.79,None
742,F,married,45.32,2,finance,secondary,1369.85,17973.6,1442.15,None
743,M,widowed,61.93,1,government,tertiary,5010.56,20885.41,2227.87,None
744,M,married,40.28,2,government,tertiary,4282.43,30037.17,753.6,A
745,M,single,27.18,0,manuf,secondary,2047.22,13802.91,795.24,None
746,M,married,26.6,1,government,secondary,1074.31,9183.26,371.26,A
747,F,divorced,40.66,2,finance,tertiary,7276.48,22529.93,2305,None
748,F,divorced,57.29,2,government,tertiary,4995.33,26083.81,1597.76,None
749,F,single,24.83,0,construct,tertiary,4995.33,26083.81,1597.76,None
750,F,married,30.93,0,construct,tertiary,4995.33,26083.81,1597.76,None
751,F,single,27.66,0,finance,tertiary,3011.28,24418.57,3522.56,None
752,F,single,19.96,0,IT,secondary,586.86,15931.03,1567.66,None
753,M,married,40.91,0,finance,postgrad,8981.14,30580.62,2276.43,None
754,F,single,45.32,0,education,tertiary,5814.55,30931.06,1411.33,None
755,F,married,33.04,2,government,tertiary,4831.08,33431.8,1581.59,None
756,M,divorced,36.29,0,government,secondary,3009.45,2229.96,795.18,None
757,F,single,21.82,0,manuf,postgrad,4473.74,17458.64,3858.5,B
758,M,single,38.41,0,government,secondary,4074.19,10546.53,1213.83,None
759,F,married,37.61,1,legal,professional,4147.2,57314.44,8138.31,A
760,F,married,34.21,1,government,tertiary,4977.13,22598.72,1499.69,A
761,M,married,35.35,0,manuf,secondary,2495.95,10314.84,941.49,A
762,F,divorced,65.01,2,retired,tertiary,3099.61,4686.96,916.3,None
763,F,single,39.86,0,education,postgrad,5978.99,23022.9,2377.78,None
764,M,single,24.32,0,education,tertiary,4313.99,20201.45,697.24,None
765,F,married,26.73,2,IT,postgrad,10538.86,29376.14,4191.19,A
766,M,single,26.81,0,legal,tertiary,5297.12,29895.86,2482.71,B
767,F,divorced,44.88,0,finance,professional,12715.7,17442.26,4972.58,None
768,F,married,67.1,1,retired,tertiary,2326.82,14908.37,1210.98,None
769,F,single,28.01,0,manuf,secondary,2047.26,8016.6,828.01,None
770,F,divorced,66.82,1,retired,professional,5387.15,35500.66,1506.26,None
771,F,married,24.94,0,IT,tertiary,9489.81,25158.06,1859.45,A
772,F,married,22.43,2,finance,secondary,1258.07,8635.55,1809.69,A
773,F,married,39.82,2,finance,tertiary,7216.15,36748.76,2759.79,None
774,M,single,36.27,0,government,professional,10187.55,47354.33,5338.71,None
775,M,widowed,59.97,1,education,tertiary,2621.31,20286.26,493.89,None
776,M,married,37.83,2,medicine,tertiary,6911.05,27441.06,3315.73,None
777,F,divorced,66.53,0,retired,tertiary,4247.35,13332.38,1735.79,None
778,M,married,45.18,3,government,professional,4440.64,18615.07,5440.42,None
779,F,divorced,56.69,0,IT,tertiary,4200.32,20587.99,556.05,None
780,F,single,24.41,0,construct,tertiary,4200.32,20587.99,556.05,None
781,M,married,35.65,0,medicine,tertiary,7085.18,32249.38,2389.03,None
782,M,single,25.83,0,finance,professional,10777.86,18021.58,6514.19,None
783,F,divorced,49.55,1,manuf,secondary,591.14,11233.95,1043.65,None
784,M,married,36.61,2,legal,postgrad,13452.37,38738.27,4325.51,A
785,M,married,24.11,2,IT,secondary,2374.71,21143.15,702.15,A
786,F,widowed,62.6,1,manuf,tertiary,4996.87,26322.34,1427.11,None
787,M,single,27.85,0,government,secondary,3837.58,11528.44,926.63,None
788,M,married,48.1,1,medicine,secondary,592.85,22844.59,1931.55,A
789,M,married,36.28,4,construct,postgrad,592.85,22844.59,1931.55,None
790,F,divorced,70.67,1,retired,tertiary,3320.92,14239.21,984.07,None
791,M,widowed,59.92,0,IT,secondary,1797.91,23114.5,1548.9,None
792,F,divorced,44.18,2,government,postgrad,7611.07,19088.76,3066.3,None
793,M,single,26.59,0,manuf,professional,10358.03,25939.39,6537.16,B
794,M,married,40.01,2,finance,secondary,2581.99,16908.08,1215.64,None
795,M,single,28.04,0,finance,tertiary,3141.35,36605.62,1870.51,None
796,M,divorced,46.98,0,manuf,secondary,3463.28,20150.46,248.52,None
797,F,divorced,44.82,1,government,secondary,1779.11,11999.6,703.67,None
798,F,single,26.59,0,education,tertiary,6211.77,2184,1301.12,None
799,F,married,40.04,2,finance,secondary,664.5,15280.47,1111.38,A
800,M,divorced,38.89,2,IT,postgrad,9464.5,29814.91,1154.4,None
801,M,married,25.13,2,medicine,postgrad,9599.25,58129.53,2420.35,None
802,F,widowed,59.59,1,finance,secondary,1968.71,19248.22,1724.96,None
803,M,married,45.04,3,finance,professional,9288.05,28036.63,4662.6,A
804,M,single,39.45,0,IT,tertiary,2821.16,35354.49,491.95,None
805,F,married,39.71,2,government,secondary,1564.97,21047.94,1253.96,A
806,M,divorced,49.74,2,finance,tertiary,5453.65,35356.57,2002.43,None
807,F,single,24.42,0,legal,tertiary,11936.89,38085.24,1634.73,B
808,M,widowed,58.26,2,manuf,postgrad,8080.11,26315.83,2788.69,None
809,F,married,47.91,1,government,postgrad,7987.51,9525.69,3545.08,None
810,F,divorced,41.38,0,government,tertiary,5467.24,28814.65,1583.41,None
811,F,single,25.66,0,government,professional,9994.61,51896.75,3851.1,None
812,F,single,28,0,government,secondary,684.95,12000.74,1082.56,None
813,F,single,30.66,0,manuf,secondary,530.51,7588.84,227.39,None
814,F,married,49.52,2,manuf,tertiary,5376.51,27389.08,1150.8,None
815,F,single,26.23,0,construct,professional,5376.51,27389.08,1150.8,None
816,F,divorced,44.72,3,finance,tertiary,8372.52,28836.43,1949.38,None
817,M,widowed,61.79,0,legal,tertiary,7747.59,41349.2,2711.29,None
818,F,divorced,53.72,2,IT,tertiary,6183.15,25756.82,730.38,None
819,M,single,27.98,0,IT,tertiary,4861.62,23835.17,776.03,None
820,M,married,68.78,1,retired,tertiary,3873.03,13757.19,1305.14,None
821,M,single,27.94,0,construct,professional,3873.03,13757.19,1305.14,None
822,F,divorced,49.04,0,manuf,secondary,2405.53,6160.56,1306.44,None
823,M,married,39.8,1,legal,tertiary,6496.27,29977.98,2885.32,None
824,F,married,40.08,3,finance,secondary,3089.44,18566.5,1412.62,A
825,F,single,27.95,0,government,postgrad,7847.95,27513.68,2731.16,B
826,F,married,37.47,1,manuf,professional,9999.45,25235.03,2261.93,None
827,M,divorced,68.41,2,retired,secondary,1504.19,11625.56,792.12,None
828,M,single,27.87,0,education,secondary,2803,18091.39,391.03,B
829,F,single,42.63,0,construct,tertiary,2803,18091.39,391.03,None
830,F,single,28.25,0,education,tertiary,3884.28,33656.69,578.24,None
831,M,divorced,47.04,0,legal,secondary,5078.44,22162.69,922.89,None
832,M,single,29.76,0,finance,secondary,2995.17,17383.45,1861.02,None
833,F,single,32.82,0,medicine,tertiary,8737.79,29421.79,1404.45,None
834,M,married,36.26,2,education,tertiary,3923.37,35158.51,1012.62,None
835,F,married,29.04,0,IT,tertiary,9620.29,27409.37,2176.26,A
836,F,divorced,30.98,0,IT,secondary,1562.65,14878.11,498.59,None
837,F,married,65.91,0,retired,secondary,1432.13,14981.29,701.59,None
838,F,married,40.17,0,finance,tertiary,4014.03,32592.7,2298.18,None
839,M,married,24.83,0,government,tertiary,2768.89,5250.13,1852.5,None
840,F,widowed,59.99,2,medicine,tertiary,6463.95,38496.93,2368.3,None
841,M,single,40.96,0,medicine,postgrad,15018.77,45120.77,4387.11,None
842,F,single,24.08,0,finance,secondary,660.22,24755.34,1077.46,None
843,M,divorced,43.51,1,finance,secondary,1082.44,15019.49,999.19,None
844,M,married,42.59,4,legal,tertiary,6993.89,27727.11,2029.39,None
845,M,married,26.59,2,finance,tertiary,8602.03,17002.21,2037.79,None
846,M,married,34.23,0,education,postgrad,7722.27,12825.17,1486.38,None
847,M,divorced,39.51,3,finance,postgrad,5361.2,41902.21,3893.53,None
848,F,single,19.98,0,finance,secondary,2272.71,14287.3,1150.97,None
849,F,single,27.97,0,government,postgrad,7361.66,28364.91,1954.94,None
850,M,married,55.58,2,finance,secondary,2821.57,16220.6,1058.39,None
851,M,single,25.53,0,manuf,tertiary,2051.9,24212.14,1735.98,B
852,F,married,31.73,2,legal,professional,6936.42,74441.97,4713.93,A
853,F,married,51.65,0,manuf,professional,8948.02,15226.9,1718.37,None
854,M,married,40.69,1,construct,secondary,8948.02,15226.9,1718.37,A
855,M,divorced,44.73,0,IT,tertiary,7247.5,22575.66,828.11,None
856,F,divorced,44.86,1,legal,secondary,1915.08,19382.89,2011.31,None
857,M,single,32.48,0,finance,postgrad,7258.44,38175.67,3227.52,None
858,F,divorced,41.38,0,IT,tertiary,9339,12144.04,1479.12,None
859,M,widowed,60.04,1,finance,postgrad,6016.4,38781.4,2869.1,None
860,M,married,31.57,3,finance,professional,14243.42,46115.76,4169.93,A
861,F,divorced,43.16,2,legal,tertiary,4838.32,30628.38,2200.88,None
862,F,single,19.16,0,IT,tertiary,7089.73,24045.95,2340.77,None
863,F,single,26.78,0,manuf,secondary,2753.22,18800.92,413.78,None
864,M,divorced,29.68,2,manuf,postgrad,10241.25,24121.35,2439.98,None
865,F,widowed,71.75,0,retired,tertiary,2330.11,18009.39,793.74,None
866,F,married,34.62,1,IT,secondary,1899.2,16227.06,702.96,None
867,M,married,39.73,1,legal,postgrad,9971.1,46357.07,4771.25,A
868,F,married,47.5,1,government,postgrad,8354.8,11994.68,1507.29,None
869,F,divorced,33.72,1,finance,tertiary,5225.92,33494.77,1759.23,None
870,F,single,20.05,0,construct,professional,5225.92,33494.77,1759.23,None
871,M,single,31.38,0,medicine,secondary,2993.83,12321.45,1200.47,None
872,M,single,27.41,0,government,postgrad,9833.36,11026.02,2303.25,None
873,M,married,68.84,1,retired,tertiary,3509.98,23594.99,948.18,A
874,M,single,30.62,0,finance,professional,7188.77,50727.42,2278.04,None
875,M,single,25.22,0,manuf,professional,15150.67,48139.58,6678.19,None
876,F,married,64.65,0,IT,tertiary,5999.94,19611.86,2509.22,None
877,F,married,51.15,1,medicine,tertiary,8477.07,22760.84,1016.21,A
878,M,married,44.36,2,finance,postgrad,7459.63,24365.05,2999.64,None
879,F,married,39.36,2,manuf,secondary,1175.9,12520.68,956.84,None
880,F,divorced,49.47,0,government,postgrad,8099.53,25169.78,2488.36,None
881,M,married,65.09,1,retired,postgrad,2585.46,29592.53,815.53,None
882,F,married,69.43,0,retired,postgrad,4203.1,20957.13,1200.68,None
883,F,married,53.99,3,IT,secondary,1094.51,20597.15,956.35,None
884,F,married,29.13,1,finance,tertiary,6111.69,16563.68,1184.51,None
885,F,married,35.86,4,finance,professional,5814.34,38954.72,3396.35,None
886,M,single,34.91,0,finance,professional,10808.41,39125.43,5739.28,None
887,F,widowed,62.1,1,manuf,tertiary,5493.41,24729.65,2159.55,None
888,F,married,65.52,2,retired,postgrad,4009.23,20013.48,1811.16,None
889,F,single,33.56,0,manuf,professional,10856.17,8872.69,4148.52,None
890,M,single,26.91,0,government,secondary,1522.26,10931.53,1162.29,None
891,F,divorced,44.22,1,manuf,tertiary,2043.2,31491.39,2401.3,None
892,F,married,32.67,2,manuf,tertiary,4974.5,25767.69,612.52,None
893,M,single,42.44,0,finance,tertiary,7914.49,24004.22,1451.04,None
894,F,married,37.58,1,government,secondary,2555.1,9076.67,883.13,None
895,M,single,40.84,0,medicine,secondary,3022.15,19926.25,1798.34,None
896,M,single,42.05,0,construct,secondary,3022.15,19926.25,1798.34,None
897,F,married,46.89,2,finance,secondary,2753.35,17511,1263.74,None
898,M,married,60.44,0,government,tertiary,4455.39,20460.67,1324.95,None
899,M,married,47.54,2,manuf,secondary,3404.6,10350.68,594.02,A
900,F,married,55.98,2,medicine,tertiary,6923.76,22465.76,2259.66,None
901,F,married,38.99,1,legal,secondary,987.21,12483.21,1416.69,A
902,M,married,35.62,2,IT,postgrad,8719.34,45789.94,3134.8,None
903,M,single,35.43,0,finance,tertiary,5997.88,37382.28,1446.81,None
904,F,divorced,42.65,2,finance,postgrad,8979.81,17330.58,2291.6,None
905,F,married,31.28,2,construct,secondary,8979.81,17330.58,2291.6,A
906,F,married,50.13,2,government,tertiary,2601.39,27161.11,1472.24,A
907,M,single,30.93,0,education,tertiary,4018.73,21433.63,929.56,None
908,M,widowed,60.12,1,finance,secondary,1875.26,19448.39,1183.67,None
909,M,married,57.12,1,legal,tertiary,11915.06,31091.86,3770.24,None
910,F,widowed,48.39,1,finance,secondary,1683.62,16039.74,1016.57,None
911,F,single,25.77,0,finance,secondary,2058.16,16096.06,2063.76,None
912,F,married,36.61,2,government,secondary,2710.7,11500.63,215.42,A
913,F,married,38.18,0,finance,professional,8056.97,33921.23,4120.25,None
914,F,divorced,69.84,1,retired,secondary,465.49,10452.61,841.13,None
915,M,single,31.73,0,manuf,tertiary,5230.52,20233.27,679.47,None
916,F,single,37.65,0,IT,tertiary,3563.27,34287.13,2247.84,None
917,F,married,68.91,0,retired,secondary,1710.87,15704.78,331.91,None
918,F,widowed,68.85,3,retired,tertiary,2869.38,14723.89,994.85,None
919,F,married,39.45,0,construct,tertiary,2869.38,14723.89,994.85,None
920,F,married,23.64,3,construct,secondary,2869.38,14723.89,994.85,None
921,F,single,35.58,0,finance,tertiary,6222.71,16219.16,2331.09,None
922,M,married,54.98,1,manuf,tertiary,4470.57,5062.34,1732.38,None
923,F,widowed,70.66,0,retired,postgrad,5163.77,8018.26,1079.94,None
924,F,single,22.37,0,government,secondary,1405.43,5966.49,401,None
925,M,divorced,47.8,0,education,secondary,864.33,3960.82,589.42,None
926,M,divorced,69.45,2,retired,secondary,453.2,11051,410.66,None
927,M,single,19.42,0,government,tertiary,5765.46,26466.66,1394.72,None
928,M,married,35.85,2,finance,tertiary,4800.78,16256.68,1194.17,None
929,F,married,40.35,3,government,secondary,2508.6,4032.28,711.69,A
930,M,married,52.64,2,IT,tertiary,2247.32,15230.28,934.93,None
931,F,divorced,64.11,1,finance,tertiary,5271.01,18932.41,3413.28,None
932,F,married,41.64,0,education,postgrad,8762.33,14752.59,1487.77,None
933,F,married,51.6,1,construct,secondary,8762.33,14752.59,1487.77,A
934,F,married,36.42,2,education,secondary,2223.88,13187.61,836.24,None
935,F,widowed,78.11,1,retired,secondary,1301.5,15776.72,1100.96,None
936,F,widowed,74.04,3,retired,postgrad,3503.07,26654.02,1158.92,None
937,F,married,26.09,2,finance,tertiary,7415.44,24067.8,2215.54,A
938,F,divorced,45.82,0,legal,secondary,703.6,20535.04,2585.65,None
939,F,divorced,55.73,2,legal,secondary,1818.49,13067.32,1433.77,None
940,M,married,22.16,2,IT,postgrad,8212.69,40886.35,3029.8,A
941,M,divorced,42.68,1,finance,tertiary,7114.04,22848.03,1904.5,None
942,F,married,44.92,1,education,postgrad,3135.45,12064.45,3092.13,None
943,M,married,49.42,3,finance,postgrad,9004.81,36040.94,2204.53,None
944,F,married,47.65,1,IT,secondary,1471.6,17708.14,774,A
945,F,widowed,42.47,2,manuf,tertiary,5091.2,9689.83,1273.81,None
946,F,single,43.44,0,education,postgrad,7578.07,29778.37,1781.79,None
947,F,widowed,41.53,2,government,professional,9992.22,45693.93,3760.8,None
948,F,single,47.14,0,finance,secondary,688.16,9527.63,1334.82,None
949,F,single,22.37,0,manuf,secondary,3095.72,11810.51,550.17,None
950,F,single,27.56,0,IT,secondary,1803.87,10155.93,2048.41,None
951,F,single,31.69,0,government,tertiary,2526.79,35832.65,1716.39,None
952,M,divorced,56.88,0,IT,tertiary,6000.13,27015.19,2434.6,None
953,M,single,28.86,0,construct,professional,6000.13,27015.19,2434.6,None
954,F,widowed,63.38,0,education,secondary,2250.01,16508.32,859.39,None
955,F,divorced,57.22,0,manuf,secondary,2847.56,17110.17,851.85,None
956,M,single,27.84,0,manuf,professional,12355.92,40883.6,2952.64,None
957,M,married,41.43,1,finance,tertiary,5958.31,23352.22,3053.5,None
958,F,married,42.09,1,medicine,secondary,2926.77,21391.2,1002.58,None
959,F,widowed,59.95,3,finance,tertiary,5099.66,29388.88,758.57,None
960,M,single,20.2,0,medicine,tertiary,3506.84,27505.16,3778.29,None
961,M,single,18.71,0,government,tertiary,4871.11,23144.83,1121.04,B
962,M,single,29.54,0,government,tertiary,5303.54,26236.1,1322.16,None
963,F,married,46.62,1,medicine,tertiary,3914.73,20661.76,2954.27,A
964,F,married,63.23,0,education,tertiary,3954.57,21542.61,837.34,A
965,M,divorced,60.78,3,finance,secondary,1031.51,16002.24,2043.92,None
966,M,single,24.71,0,finance,tertiary,2607.09,29870.55,432.46,None
967,F,married,40.2,3,finance,tertiary,5990.74,35978.05,1419.39,A
968,M,single,26.73,0,medicine,tertiary,7057.44,21252.9,4023.97,None
969,M,divorced,63.63,0,education,secondary,1975.08,10945.61,497.65,None
970,M,widowed,53.2,3,finance,postgrad,8903.41,30416.77,2915.53,None
971,M,single,27.63,0,manuf,secondary,2497.75,16218.84,457.62,None
972,F,married,22.19,1,government,secondary,2479.72,11729.49,802,None
973,F,married,52.02,0,IT,secondary,889.98,19738.64,1201.9,None
974,F,divorced,33.61,1,government,tertiary,6068.6,5378.2,984.01,None
975,F,single,28.72,0,education,postgrad,3440.76,25877.84,1113.6,None
976,M,married,20.06,2,IT,postgrad,14649.94,41026.37,1215.07,A
977,F,single,21.5,0,government,secondary,1031.38,7913.75,886.57,None
978,F,married,51.88,0,medicine,postgrad,9863.69,59435.66,2484.09,A
979,M,widowed,60.17,3,education,tertiary,5886.44,13902.8,945.28,None
980,M,single,37.32,0,legal,secondary,3165.87,10009.49,1165.61,None
981,F,married,40.03,1,manuf,postgrad,11411.53,24844.95,1173.63,None
982,F,single,23.67,0,government,postgrad,9211.97,25957.57,2595.54,B
983,F,single,23.83,0,government,secondary,3535.71,16250.07,290.77,B
984,F,divorced,44.83,4,government,professional,6434.98,10797.75,3713.02,None
985,F,single,34.5,0,finance,postgrad,9302.75,19956.82,2997.42,None
986,F,single,23.08,0,medicine,postgrad,9998.06,41793.7,3878.02,None
987,F,divorced,38.21,2,IT,secondary,586.61,18404.74,1580.6,None
988,M,single,35.71,0,manuf,professional,10133.49,49954.49,3796.31,None
989,F,married,51.4,2,manuf,postgrad,2692.48,20954.73,2516.79,None
990,M,married,25.79,0,construct,secondary,2692.48,20954.73,2516.79,A
991,M,single,20.5,0,construct,secondary,2692.48,20954.73,2516.79,None
992,M,single,27.49,0,manuf,postgrad,4899.43,26342.31,2994.99,None
993,F,married,22.13,1,IT,tertiary,3085.8,16657.99,1899.98,A
994,M,divorced,41.86,1,manuf,tertiary,4555.28,39739.32,1969.29,None
995,M,single,23.43,0,medicine,tertiary,11244.15,29928.04,2289.49,B
996,F,divorced,47.56,0,manuf,professional,11143.41,17825.67,3742.27,None
997,F,widowed,56.46,1,manuf,secondary,1049.13,16875.92,507.29,None
998,M,married,42.04,0,manuf,secondary,3377.81,14205.2,652.55,None
999,M,widowed,72.92,1,retired,secondary,1694.83,8837.19,1342.45,None
1000,M,single,27.03,0,finance,tertiary,4106.89,37121.38,1307.05,None
