 index,status,cust Investment Potential Score 
1001,None,5.2
1002,None,2.5
1003,None,4.1
1004,None,4.4
1005,None,2.3
1006,None,2.2
1007,None,2.4
1008,None,2.4
1009,None,3.2
1010,None,2.7
1011,None,2.6
1012,None,3
1013,None,3.6
1014,None,3.6
1015,None,2.8
1016,A,3.2
1017,None,2.9
1018,None,5.3
1019,None,2.2
1020,None,3
1021,A,1.8
1022,None,3.2
1023,None,3.3
1024,None,3.1
1025,None,4.7
1026,None,2.8
1027,None,4.3
1028,B,3.1
1029,None,3.6
1030,None,4.1
1031,None,2.6
1032,None,2.5
1033,None,2.3
1034,None,2.6
1035,None,3.5
1036,None,2.7
1037,None,2.7
1038,None,2.8
1039,None,3.8
1040,None,2.3
1041,None,4.2
1042,A,3.8
1043,None,3.9
1044,None,3.4
1045,A,5.2
1046,None,4.9
1047,None,2.7
1048,None,4
1049,None,3.8
1050,None,2.8
1051,None,2.9
1052,None,3.1
1053,A,2.8
1054,None,4.5
1055,None,3.4
1056,None,2.3
1057,None,2.7
1058,None,3.2
1059,None,2.3
1060,None,3.1
1061,None,2.8
1062,A,4
1063,A,4.3
1064,None,4.9
1065,None,3.8
1066,A,3
1067,None,3.3
1068,None,3.6
1069,None,2.7
1070,None,3.6
1071,None,3.2
1072,None,2
1073,None,2.7
1074,None,3.3
1075,B,3
1076,None,3.1
1077,None,3.1
1078,None,2.9
1079,None,2.6
1080,A,3.2
1081,None,3
1082,B,3.5
1083,None,2.6
1084,None,2.1
1085,None,3.5
1086,None,2
1087,None,4.5
1088,None,2.7
1089,None,3.1
1090,B,3.4
1091,None,3.7
1092,B,3
1093,None,3.2
1094,None,3.4
1095,A,3.8
1096,None,4.3
1097,None,3.2
1098,A,1.7
1099,A,2.7
1100,None,2.4
1101,None,3.6
1102,None,2.7
1103,None,3.2
1104,None,4.5
1105,A,2.9
1106,A,2.3
1107,None,3.3
1108,B,3.2
1109,None,3.4
1110,None,3.1
1111,None,3.7
1112,None,3.9
1113,None,3.8
1114,None,2.5
1115,None,3.2
1116,None,3.6
1117,None,3
1118,None,2.2
1119,None,3.5
1120,None,3.5
1121,None,2.4
1122,None,4.2
1123,A,3.6
1124,None,2
1125,B,3.9
1126,None,4.2
1127,A,4.3
1128,None,2.3
1129,None,2.4
1130,None,4.3
1131,None,4.2
1132,None,4.3
1133,None,2.6
1134,B,2.9
1135,None,2.5
1136,A,3.2
1137,None,3.1
1138,None,4.6
1139,A,2.9
1140,A,4.2
1141,None,5.1
1142,None,5.1
1143,B,2.3
1144,None,2.8
1145,None,1.8
1146,None,2.5
1147,A,5.1
1148,None,3.1
1149,A,2.9
1150,A,3.5
1151,None,3.7
1152,None,5
1153,None,3.6
1154,None,2.5
1155,None,2.8
1156,None,4.2
1157,B,2.9
1158,None,2.4
1159,None,2.8
1160,None,3.9
1161,None,1.8
1162,None,4.4
1163,None,3.4
1164,None,2.5
1165,None,2.7
1166,None,2.3
1167,None,2.6
1168,None,4.1
1169,None,2.6
1170,None,4.9
1171,B,3.5
1172,None,3.8
1173,None,4.2
1174,None,5.6
1175,None,3.1
1176,A,3.1
1177,A,4.5
1178,None,4.8
1179,None,3.5
1180,None,2.4
1181,None,3.2
1182,None,4.6
1183,None,3.6
1184,None,2.5
1185,A,3.7
1186,None,2.5
1187,None,3.1
1188,None,3.5
1189,None,4.1
1190,None,2.3
1191,None,3.1
1192,None,2.4
1193,None,2.7
1194,A,2.7
1195,None,2.4
1196,None,4.2
1197,None,3.2
1198,None,2
1199,None,2.7
1200,None,4
1201,None,4.5
1202,None,3.4
1203,None,5.6
1204,None,3.5
1205,None,3
1206,None,2.9
1207,A,4.9
1208,None,4.8
1209,None,2.5
1210,None,2.4
1211,None,2.8
1212,None,3.9
1213,None,4.1
1214,None,5.7
1215,None,3.8
1216,None,3.2
1217,None,2.2
1218,None,5.8
1219,None,3.5
1220,None,2.7
1221,None,3.1
1222,None,3.6
1223,None,3.9
1224,None,3.4
1225,A,2.5
1226,None,3.2
1227,A,4
1228,None,2.9
1229,None,3.6
1230,None,1.8
1231,A,2.5
1232,None,3.5
1233,None,3
1234,None,3.5
1235,None,3.2
1236,A,2.9
1237,None,4.3
1238,A,2.9
1239,None,3
1240,None,2.2
1241,None,4.1
1242,None,2.8
1243,None,2.9
1244,None,3.9
1245,None,2.9
1246,None,4.2
1247,B,5
1248,A,2.4
1249,None,4.7
1250,None,2.4
1251,None,5.3
1252,None,2.6
1253,None,5.4
1254,None,3.5
1255,None,2
1256,None,2.6
1257,A,3
1258,None,3.2
1259,None,4.2
1260,B,3.7
1261,A,3.7
1262,None,3.3
1263,A,4.6
1264,None,2.7
1265,None,2.8
1266,A,3.4
1267,None,2.6
1268,None,4.5
1269,None,4.4
1270,None,4.5
1271,None,4.5
1272,None,2.8
1273,None,3.2
1274,None,3.2
1275,None,4.1
1276,None,3
1277,None,4.2
1278,None,4.1
1279,None,3.9
1280,None,4
1281,None,2.3
1282,None,4.4
1283,None,2.6
1284,None,3.9
1285,None,2.9
1286,None,2.8
1287,None,3.8
1288,A,2.5
1289,None,3.9
1290,None,3.2
1291,A,3.4
1292,None,2.8
1293,None,3.2
1294,A,2.3
1295,None,3.9
1296,None,2.3
1297,A,3.5
1298,A,3.7
1299,A,3.3
1300,None,2.8
1301,None,3.1
1302,None,2.7
1303,None,2.5
1304,None,2.8
1305,None,2.2
1306,None,3.2
1307,None,3.1
1308,None,3.8
1309,None,4.2
1310,None,4.2
1311,None,4.1
1312,None,2.6
1313,None,3.8
1314,None,2.5
1315,B,2.8
1316,None,2.8
1317,None,2.8
1318,None,2.4
1319,B,3.5
1320,None,3.9
1321,None,2.6
1322,None,2.8
1323,None,4.5
1324,None,2.2
1325,None,2.7
1326,None,2.8
1327,A,4.4
1328,None,3.8
1329,None,3.2
1330,None,2.8
1331,None,2.6
1332,None,3.9
1333,None,3.6
1334,None,3
1335,None,4.6
1336,None,6.5
1337,None,2.6
1338,A,4.7
1339,A,4.4
1340,None,3.1
1341,None,3.1
1342,None,3.9
1343,A,2.9
1344,None,3.2
1345,None,2.5
1346,None,1.7
1347,None,2.3
1348,None,2.9
1349,A,2.7
1350,None,4.3
1351,None,3.9
1352,None,2.9
1353,A,4.5
1354,None,3
1355,None,2.7
1356,None,2.6
1357,None,3.1
1358,None,3
1359,B,5
1360,A,2.5
1361,None,3.8
1362,None,4.9
1363,None,2.2
1364,None,3.6
1365,None,3
1366,None,2.9
1367,None,2.8
1368,A,2.9
1369,None,3.4
1370,None,3.3
1371,None,2.7
1372,None,2.5
1373,A,4.4
1374,None,3.8
1375,None,3.6
1376,None,2.8
1377,None,3.3
1378,None,4.1
1379,None,2.9
1380,None,2.6
1381,None,1.6
1382,None,3.3
1383,None,2.6
1384,None,3.6
1385,A,3.2
1386,None,4
1387,None,3
1388,None,2.3
1389,None,3.9
1390,None,3.9
1391,None,3.2
1392,None,4.7
1393,B,2.8
1394,None,3.6
1395,None,2.9
1396,None,4.1
1397,None,4
1398,None,3.8
1399,None,3.9
1400,None,3.3
1401,None,3.2
1402,None,4.4
1403,None,3.7
1404,None,3.7
1405,A,3.5
1406,A,2.3
1407,None,6
1408,None,2.4
1409,None,4.8
1410,None,1.8
1411,None,2.4
1412,None,2.2
1413,A,2.9
1414,None,2.9
1415,None,3.5
1416,None,3.6
1417,None,5.1
1418,A,3.3
1419,None,2.5
1420,None,2.7
1421,None,3.4
1422,A,2.6
1423,None,2.6
1424,None,3.5
1425,None,3
1426,None,2.8
1427,None,3
1428,None,2.9
1429,None,4.7
1430,None,3.1
1431,None,3.1
1432,None,3
1433,None,5
1434,None,2.1
1435,None,2.8
1436,None,3.1
1437,A,2.8
1438,None,2.8
1439,None,3.7
1440,None,3.3
1441,A,3
1442,A,2.5
1443,None,3.5
1444,None,2
1445,None,1.9
1446,None,2.8
1447,A,3.1
1448,None,5.3
1449,None,3.5
1450,None,2.7
1451,None,3.8
1452,None,2.1
1453,None,2
1454,None,3
1455,None,2.9
1456,None,2.8
1457,None,4.2
1458,None,3
1459,B,3.2
1460,None,2.2
1461,None,3.9
1462,None,5.1
1463,None,3.6
1464,None,4.1
1465,A,2.7
1466,None,3.1
1467,None,3.8
1468,None,2.8
1469,None,3.4
1470,B,4.3
1471,None,2.8
1472,None,3.8
1473,None,4.3
1474,None,3.1
1475,None,3
1476,A,2.4
1477,None,3.8
1478,None,3.6
1479,None,3.3
1480,None,3.5
1481,None,4.9
1482,None,3.8
1483,A,3.8
1484,None,5.1
1485,None,3.6
1486,None,3.8
1487,None,2.8
1488,B,3.9
1489,None,2.4
1490,None,3.5
1491,A,3.3
1492,None,4.7
1493,None,4.4
1494,None,4.2
1495,None,2.7
1496,None,2.9
1497,B,3.3
1498,None,3.2
1499,None,2.5
1500,A,3.6
1501,A,2.4
1502,None,3.8
1503,None,2.9
1504,A,3.5
1505,None,3.9
1506,A,5.8
1507,None,2.6
1508,A,2.9
1509,None,2.5
1510,None,3.1
1511,None,5.1
1512,None,3.9
1513,None,4.4
1514,None,3.2
1515,None,4.6
1516,None,4.2
1517,None,4
1518,None,2.9
1519,None,1.9
1520,A,2.9
1521,A,4
1522,None,2.3
1523,None,3.7
1524,None,3.2
1525,None,3.2
1526,None,4.9
1527,None,3.7
1528,None,3.4
1529,A,4
1530,None,3.8
1531,None,2.6
1532,None,2.9
1533,None,3.2
1534,None,3.1
1535,None,3.9
1536,None,3.2
1537,None,4
1538,A,4.5
1539,None,3.5
1540,None,2.2
1541,None,2.5
1542,None,3
1543,B,3.8
1544,B,3.2
1545,None,3.9
1546,None,2.8
1547,None,2.9
1548,None,4.6
1549,None,6.4
1550,None,2.9
1551,None,2.1
1552,None,4.9
1553,None,4
1554,None,2.4
1555,None,2.8
1556,None,2.8
1557,None,3.4
1558,B,4.1
1559,None,3.7
1560,None,3.2
1561,None,3.2
1562,None,1.9
1563,None,2.2
1564,B,4
1565,None,3.7
1566,None,1.8
1567,None,2.3
1568,None,2.5
1569,None,3.5
1570,None,3.9
1571,None,3.2
1572,A,2.9
1573,None,2.8
1574,None,4.1
1575,None,2.7
1576,None,2.8
1577,A,2.9
1578,None,2.9
1579,None,4
1580,None,4.8
1581,None,4.9
1582,B,4.5
1583,None,4.8
1584,None,4.8
1585,None,3
1586,None,3.2
1587,None,2.7
1588,None,2.6
1589,None,4
1590,None,4.4
1591,None,2.6
1592,None,3.5
1593,None,4.3
1594,None,2.7
1595,None,2.7
1596,None,3.7
1597,None,4.3
1598,None,3
1599,None,3.2
1600,None,2.6
1601,A,3.8
1602,None,3.3
1603,None,3.6
1604,None,2.6
1605,None,5.8
1606,None,3.3
1607,None,3
1608,None,3.7
1609,A,3.5
1610,None,3.8
1611,None,3.3
1612,None,3.1
1613,None,4.6
1614,None,2.9
1615,None,5.3
1616,None,3
1617,B,5.4
1618,B,3
1619,None,3.1
1620,None,3.6
1621,None,2.4
1622,B,4.2
1623,None,4
1624,None,3.5
1625,None,3.7
1626,None,2.7
1627,None,2.8
1628,None,3.8
1629,None,3.7
1630,None,2.6
1631,None,3.7
1632,None,3.1
1633,None,3.3
1634,B,3.6
1635,A,3.5
1636,None,2.8
1637,None,4.2
1638,None,2.7
1639,B,6.3
1640,None,2.8
1641,None,3.2
1642,A,3.3
1643,A,2.3
1644,None,2.9
1645,A,3.2
1646,None,3.3
1647,None,3.1
1648,None,3.2
1649,None,3.6
1650,None,2.2
1651,None,2.8
1652,None,4.2
1653,None,4.7
1654,None,3.6
1655,None,3.2
1656,A,2.9
1657,None,4.3
1658,A,4.3
1659,None,2.1
1660,A,3.6
1661,None,3
1662,None,3.6
1663,None,3.2
1664,None,4.6
1665,None,3.3
1666,None,2.7
1667,None,2.3
1668,None,3.9
1669,None,3.7
1670,None,2.6
1671,None,3.5
1672,None,2.6
1673,None,3.4
1674,None,3
1675,A,2.7
1676,None,3.4
1677,None,2.3
1678,None,3
1679,None,1.8
1680,None,3
1681,None,5
1682,None,2.8
1683,A,4.6
1684,None,3.6
1685,None,4.1
1686,A,3.5
1687,None,2.3
1688,None,2.9
1689,None,2.7
1690,None,4.9
1691,None,2.5
1692,None,3.4
1693,None,2.5
1694,None,3.5
1695,None,3.3
1696,None,3.2
1697,None,3.9
1698,A,4.1
1699,None,3.5
1700,None,2.7
1701,B,3.9
1702,None,2.1
1703,None,3.1
1704,None,3.8
1705,None,3.8
1706,None,2.4
1707,None,2.7
1708,None,2.6
1709,None,2.8
1710,None,4.4
1711,None,2.8
1712,None,2.4
1713,A,2.1
1714,None,2.9
1715,None,3.4
1716,None,3.2
1717,A,1.7
1718,None,2.6
1719,B,2.9
1720,B,4.4
1721,None,2.7
1722,None,2.6
1723,None,2.3
1724,None,2.9
1725,None,3.4
1726,None,4.9
1727,None,3.2
1728,B,5
1729,None,2.9
1730,None,3.7
1731,None,4.7
1732,None,6.7
1733,None,2.9
1734,None,4.8
1735,None,2.5
1736,None,2.8
1737,None,3
1738,None,2.7
1739,None,2.7
1740,B,4.5
1741,None,3.7
1742,None,3
1743,None,3.4
1744,A,4.1
1745,None,2.7
1746,None,4.2
1747,None,3
1748,None,3.8
1749,None,3.8
1750,None,3.5
1751,None,3.7
1752,None,4.3
1753,None,2.9
1754,None,3.2
1755,None,3.5
1756,B,2.9
1757,None,4.4
1758,None,2.5
1759,None,3.1
1760,None,3.1
1761,B,4.5
1762,A,2.5
1763,None,3.4
1764,None,2.1
1765,None,2.3
1766,None,2.4
1767,None,2.6
1768,None,3.6
1769,None,3.8
1770,A,2.3
1771,None,4.5
1772,None,4.7
1773,None,3.4
1774,None,2.3
1775,None,3.6
1776,None,3.7
1777,None,4.6
1778,None,4.3
1779,None,2.8
1780,None,2.8
1781,None,2.9
1782,None,3.3
1783,None,2.7
1784,None,2.4
1785,A,3
1786,None,4.4
1787,None,3
1788,None,5.5
1789,None,2.7
1790,B,3.3
1791,None,2
1792,None,3.8
1793,A,2.7
1794,None,1.8
1795,None,2.7
1796,None,3.7
1797,None,2.8
1798,None,3.8
1799,A,3.9
1800,None,2.9
1801,None,2.8
1802,None,3.2
1803,A,2.4
1804,None,2.7
1805,None,2.5
1806,None,3.9
1807,None,2.8
1808,None,5
1809,None,4.6
1810,None,4.4
1811,None,3.3
1812,None,2.9
1813,None,3.2
1814,None,3
1815,None,2.9
1816,None,3.6
1817,None,2.9
1818,None,2.7
1819,None,2.7
1820,A,5.8
1821,B,3.7
1822,None,2.7
1823,None,3.1
1824,None,3
1825,None,3.8
1826,None,2.6
1827,None,2.4
1828,None,3.1
1829,None,3.1
1830,None,4.2
1831,None,4.2
1832,None,3.7
1833,None,3.1
1834,None,3.3
1835,None,3.1
1836,None,4.4
1837,None,2.2
1838,None,3
1839,None,4
1840,None,2.1
1841,None,4.9
1842,B,4
1843,None,1.6
1844,A,3.9
1845,A,1.8
1846,None,3.5
1847,None,2.8
1848,None,2.7
1849,None,2.3
1850,None,2.8
1851,None,3
1852,None,2.8
1853,None,2.7
1854,A,2.8
1855,B,3.3
1856,None,4
1857,None,3
1858,None,3.5
1859,None,5.5
1860,None,3.7
1861,B,3
1862,None,3.1
1863,None,2.3
1864,None,3.6
1865,A,3.7
1866,None,4.5
1867,A,2.6
1868,None,3.6
1869,B,4.1
1870,None,2.4
1871,None,6.3
1872,A,3
1873,A,2
1874,None,3.4
1875,None,2.7
1876,None,2.5
1877,None,4
1878,None,2.2
1879,None,2.2
1880,None,3.5
1881,None,3.3
1882,None,3.1
1883,None,3.6
1884,None,3.4
1885,None,3.7
1886,A,3.1
1887,None,2.2
1888,None,3.8
1889,None,2.2
1890,A,2.6
1891,None,3.5
1892,A,3.2
1893,None,2.9
1894,None,3.7
1895,None,3.7
1896,A,3.8
1897,None,3.9
1898,None,3
1899,A,4.4
1900,A,2.7
1901,A,4.5
1902,A,2.4
1903,None,3
1904,None,2.6
1905,None,3.4
1906,None,4.1
1907,A,4.4
1908,None,4
1909,None,3.3
1910,None,3.5
1911,None,3.6
1912,None,3.1
1913,None,3.2
1914,None,3.7
1915,None,2.7
1916,B,4.9
1917,None,4.2
1918,None,3.2
1919,None,4.6
1920,None,4.4
1921,None,3.1
1922,None,2.7
1923,None,2.7
1924,None,4.1
1925,A,3.1
1926,None,4.9
1927,A,2.4
1928,B,2.3
1929,None,3.7
1930,None,2.5
1931,None,2.5
1932,None,3.5
1933,None,3.5
1934,None,3.9
1935,None,4
1936,None,2.9
1937,None,4.9
1938,A,3.1
1939,None,3.2
1940,B,2.6
1941,None,4.4
1942,None,2.9
1943,None,3.3
1944,None,2.5
1945,None,4.2
1946,None,3.9
1947,None,2.5
1948,None,3
1949,None,3.9
1950,A,3.9
1951,A,3.8
1952,None,2.2
1953,None,3.6
1954,None,2.3
1955,None,2.9
1956,None,4.6
1957,None,2.5
1958,None,3.6
1959,None,4.6
1960,None,3
1961,None,3.6
1962,None,4.7
1963,B,3
1964,A,3.3
1965,None,3.3
1966,None,3
1967,None,3.5
1968,None,2.9
1969,None,5.9
1970,B,3.5
1971,A,2.3
1972,None,3.9
1973,None,2.6
1974,None,4.7
1975,None,5.1
1976,None,2.7
1977,None,1.9
1978,None,3.4
1979,None,3.6
1980,None,3.3
1981,None,2.4
1982,A,4.6
1983,None,3.3
1984,None,3.6
1985,None,3.1
1986,None,2.4
1987,None,4.4
1988,B,4
1989,None,2.7
1990,None,3.7
1991,None,3.1
1992,None,2.2
1993,None,3.6
1994,None,3.9
1995,None,4.1
1996,None,3.9
1997,None,2.8
1998,None,4.1
1999,None,2.8
2000,A,3
2001,None,3.6
2002,A,3.9
2003,None,2.2
2004,None,2.8
2005,None,4.4
2006,None,3.6
2007,None,2.7
2008,None,5.3
2009,None,3.8
2010,None,3.1
2011,None,5.3
2012,None,3.3
2013,None,2.7
2014,None,3
2015,None,2.6
2016,None,3.5
2017,None,2.6
2018,None,3.8
2019,None,3.5
2020,None,4.4
2021,None,3.2
2022,None,3.5
2023,A,3
2024,A,2.3
2025,A,2.5
2026,None,3.8
2027,None,3.5
2028,None,3.1
2029,A,3.5
2030,None,3.5
2031,None,2.3
2032,None,4
2033,None,2.3
2034,None,2.9
2035,None,2.1
2036,A,4.2
2037,None,2.7
2038,None,2.7
2039,None,3.4
2040,None,4.3
2041,None,3.5
2042,None,3.6
2043,None,3.3
2044,None,3.2
2045,None,2.8
2046,None,2.6
2047,None,3.4
2048,None,3.5
2049,None,5.2
2050,B,3.6
2051,None,4.2
2052,None,2.3
2053,None,3.9
2054,None,3.1
2055,None,3
2056,None,2.8
2057,None,2.5
2058,None,4.5
2059,None,2.3
2060,A,2.4
2061,None,1.8
2062,None,2.6
2063,None,3
2064,None,3.2
2065,A,3.7
2066,None,2.2
2067,None,3.3
2068,None,3
2069,None,3.3
2070,None,1.9
2071,None,2.2
2072,None,3.1
2073,None,2.1
2074,None,2.9
2075,None,2.9
2076,None,2.5
2077,None,2
2078,None,4.7
2079,None,3.4
2080,None,1.8
2081,B,3.5
2082,None,3.6
2083,None,4.6
2084,None,3.8
2085,None,4.4
2086,A,3.8
2087,None,2.9
2088,None,4.2
2089,None,5.3
2090,None,2.6
2091,None,2.7
2092,A,2.6
2093,None,3.4
2094,None,3.4
2095,None,2.5
2096,None,3.5
2097,None,2.7
2098,A,4
2099,None,2.8
2100,A,2.6
2101,A,3.2
2102,None,2.9
2103,None,3.2
2104,None,4.1
2105,None,2.4
2106,None,2.2
2107,None,2.8
2108,A,4
2109,None,2.9
2110,None,2.3
2111,None,3.2
2112,None,4.5
2113,None,2.5
2114,None,2.8
2115,None,2
2116,None,4.5
2117,None,1.7
2118,A,3.3
2119,None,2.6
2120,None,2.9
2121,A,3.6
2122,None,2.9
2123,None,2.4
2124,None,3.5
2125,None,2.4
2126,None,3.3
2127,None,3
2128,A,2.6
2129,None,3.5
2130,None,2.7
2131,B,4
2132,None,2.8
2133,None,2.2
2134,B,5
2135,A,2.4
2136,None,2.1
2137,None,4.8
2138,None,4.7
2139,None,3
2140,B,3.5
2141,None,2.1
2142,A,2.5
2143,None,3.9
2144,None,5.4
2145,None,2.7
2146,None,4.5
2147,A,3.8
2148,None,3.2
2149,None,2.9
2150,None,3.1
2151,None,2.7
2152,None,3.3
2153,A,2.9
2154,None,2.6
2155,A,4.8
2156,None,1.8
2157,None,3.2
2158,None,3.9
2159,None,3.9
2160,None,3.5
2161,None,3.6
2162,None,5.3
2163,B,3.8
2164,None,3
2165,None,3.7
2166,B,5.9
2167,None,4.8
2168,None,2.4
2169,A,3.1
2170,None,2.7
2171,None,2.9
2172,None,3.7
2173,B,3.6
2174,None,2.4
2175,None,3.1
2176,None,4.3
2177,None,1.9
2178,B,2.8
2179,B,4.1
2180,None,2.6
2181,None,3.7
2182,None,3.4
2183,None,3.7
2184,None,3.5
2185,None,5.8
2186,None,3.1
2187,A,3.4
2188,None,2.4
2189,A,2.9
2190,None,4.1
2191,None,3.3
2192,None,3
2193,None,4.3
2194,None,4.3
2195,None,3
2196,None,2.1
2197,None,2.3
2198,None,3.8
2199,B,4.4
2200,None,3.3
2201,None,4
2202,None,3.4
2203,None,2.8
2204,None,2.3
2205,None,2.4
2206,None,4.2
2207,None,4.9
2208,None,3.4
2209,A,5.5
2210,None,4.3
2211,None,3.1
2212,None,3.3
2213,None,2.8
2214,None,2.7
2215,None,2.9
2216,None,3.6
2217,None,3.7
2218,None,2.5
2219,None,2.9
2220,None,4.6
2221,None,2.8
2222,None,2.6
2223,None,3.1
2224,None,3.1
2225,None,2.5
2226,A,2.5
2227,None,3.9
2228,None,2.5
2229,None,2.9
2230,None,3.4
2231,None,2.8
2232,None,2.5
2233,None,2.5
2234,None,3.9
2235,None,2.2
2236,None,3.2
2237,A,2.1
2238,None,2.4
2239,None,2.8
2240,None,2.9
2241,None,2.7
2242,B,3.8
2243,None,2.9
2244,None,2.7
2245,None,3.7
2246,None,3.6
2247,None,1.8
2248,None,3.1
2249,None,3.1
2250,None,3.4
2251,None,2.6
2252,None,4.4
2253,None,3.4
2254,None,3.7
2255,None,3.5
2256,A,3.3
2257,None,3.2
2258,A,2.6
2259,A,4.4
2260,None,2.7
2261,None,3.1
2262,None,2.8
2263,None,3.6
2264,None,3.6
2265,A,4.7
2266,None,2.5
2267,B,4.3
2268,A,3.6
2269,None,3.9
2270,None,3.7
2271,None,2.1
2272,None,2.9
2273,A,3.3
2274,None,3.4
2275,None,5.3
2276,None,2.9
2277,None,3.2
2278,B,3.2
2279,None,3.6
2280,None,2.5
2281,None,4
2282,A,2.6
2283,None,3.5
2284,None,2.3
2285,None,4.9
2286,A,4.5
2287,None,3.9
2288,None,2.1
2289,None,2
2290,B,3.7
2291,None,2.4
2292,None,2.8
2293,None,2.8
2294,None,2.4
2295,None,2.5
2296,None,2.4
2297,None,2.2
2298,None,4.8
2299,None,2.8
2300,A,3.7
2301,None,2.5
2302,None,2.5
2303,None,2
2304,None,6.2
2305,None,4.2
2306,None,3.2
2307,None,3.6
2308,A,3.2
2309,A,2.1
2310,None,3.4
2311,None,3.7
2312,None,3
2313,None,2.8
2314,None,2.4
2315,None,2.7
2316,A,3.6
2317,B,2.7
2318,None,2.9
2319,None,4.3
2320,None,4.6
2321,A,3.9
2322,None,3.2
2323,None,4.7
2324,None,2.8
2325,A,3.8
2326,None,2.5
2327,None,4.3
2328,None,2.8
2329,None,2.6
2330,A,3.5
2331,None,4.3
2332,None,3
2333,A,3.2
2334,None,2.3
2335,None,3.2
2336,None,2.9
2337,None,3.7
2338,None,4.9
2339,None,2.2
2340,None,3.4
2341,None,2.6
2342,None,4
2343,A,3.6
2344,None,1.9
2345,None,5.9
2346,None,4.1
2347,None,4.2
2348,None,3.7
2349,None,2.7
2350,A,3.6
2351,None,4.8
2352,None,2.8
2353,None,3.4
2354,None,5.1
2355,None,2.3
2356,None,2.8
2357,None,3.6
2358,A,3.5
2359,None,2.6
2360,None,1.8
2361,None,3.8
2362,None,4.8
2363,None,3.3
2364,None,3.4
2365,None,2.5
2366,None,3.1
2367,None,3.8
2368,None,3.3
2369,None,3.5
2370,B,4.7
2371,None,4.7
2372,None,4.2
2373,None,3.8
2374,None,2.5
2375,B,2.7
2376,B,2.3
2377,None,2.6
2378,None,2.8
2379,None,3.2
2380,A,3.5
2381,None,2.9
2382,None,1.9
2383,None,4.1
2384,None,2.4
2385,None,3.6
2386,None,3.9
2387,B,2.9
2388,None,2.4
2389,None,3.1
2390,None,4.2
2391,None,2.8
2392,None,2.2
2393,None,3.3
2394,None,5.1
2395,None,2.3
2396,None,3.5
2397,None,4.6
2398,B,3.9
2399,None,2.6
2400,None,2.9
2401,None,3.6
2402,None,4
2403,None,3.6
2404,None,2.8
2405,None,3.1
2406,None,3.6
2407,None,2.8
2408,None,3
2409,None,4.6
2410,None,2.7
2411,None,4.3
2412,B,4.3
2413,None,3.6
2414,None,2.4
2415,None,2.2
2416,None,2.4
2417,None,3.5
2418,None,3.1
2419,None,4.3
2420,None,3.5
2421,A,4.1
2422,None,3.7
2423,A,3.6
2424,None,3.5
2425,None,4.2
2426,None,3.1
2427,None,4
2428,None,1.9
2429,None,3.5
2430,None,2.6
2431,A,4.4
2432,None,2.6
2433,None,3.7
2434,None,3.6
2435,None,3.5
2436,None,2.4
2437,None,4.5
2438,A,3
2439,None,2.2
2440,None,2.7
2441,None,3.7
2442,None,3.6
2443,None,3.6
2444,None,3.1
2445,None,4.3
2446,None,3.9
2447,None,3.5
2448,A,2.6
2449,None,3.6
2450,None,3.4
2451,None,4.1
2452,None,2.9
2453,None,2.7
2454,A,2.3
2455,None,4.2
2456,None,3
2457,None,3.4
2458,None,4.4
2459,A,3.5
2460,None,4.7
2461,None,3.1
2462,None,3.7
2463,None,3.2
2464,None,6.1
2465,B,6
2466,A,6.2
2467,None,3.9
2468,None,3.5
2469,None,3
2470,None,2.5
2471,None,3
2472,None,3.4
2473,None,2.8
2474,A,2.3
2475,None,2.5
2476,None,3
2477,None,2.8
2478,None,4.2
2479,None,3.3
2480,A,2.9
2481,None,3.6
2482,None,3.7
2483,None,3.7
2484,None,4.3
2485,None,4.2
2486,None,4.2
2487,None,3.8
2488,None,3.4
2489,None,2.5
2490,None,2.7
2491,None,4.3
2492,None,3.4
2493,None,3.2
2494,None,2.4
2495,None,2.9
2496,None,3
2497,None,3.8
2498,A,3.9
2499,A,3.9
2500,A,2.4
2501,A,3.1
2502,None,3.7
2503,None,6.3
2504,None,2
2505,None,2.5
2506,None,3.4
2507,None,3.3
2508,None,4.1
2509,None,3.6
2510,A,3.9
2511,None,2.8
2512,None,3.6
2513,None,2.8
2514,None,4.8
2515,None,5.1
2516,None,2.9
2517,None,4.8
2518,None,3.7
2519,None,2.9
2520,None,3
2521,None,2.7
2522,None,2.1
2523,A,2.7
2524,None,4.8
2525,None,3.1
2526,None,1.6
2527,A,3.3
2528,B,2.8
2529,None,3.6
2530,None,2.6
2531,None,3.8
2532,None,3.1
2533,None,3.1
2534,None,6.6
2535,None,2.1
2536,None,2.4
2537,B,3.5
2538,None,3.5
2539,None,3.3
2540,None,2.6
2541,None,4.5
2542,None,2.9
2543,None,3.7
2544,None,3.2
2545,None,2.3
2546,None,2.6
2547,None,3.3
2548,None,4
2549,None,3.5
2550,A,2.7
2551,None,4.8
2552,None,3.5
2553,None,3.2
2554,None,3.7
2555,A,3.2
2556,None,3.8
2557,B,3.4
2558,B,3.6
2559,None,2.6
2560,None,3
2561,None,4.2
2562,None,3.7
2563,None,2.2
2564,None,1.9
2565,A,3
2566,None,5.3
2567,B,4.5
2568,None,3.9
2569,None,2.9
2570,None,4.4
2571,None,3.4
2572,None,3.6
2573,None,4.2
2574,None,3.7
2575,A,3.8
2576,A,2.1
2577,None,3.7
2578,None,2.9
2579,B,3.4
2580,B,3.1
2581,B,5.2
2582,None,4.2
2583,A,2.7
2584,None,3.2
2585,None,3.3
2586,A,3.2
2587,None,2.5
2588,None,3.5
2589,B,4
2590,None,3.1
2591,None,3.8
2592,None,2.2
2593,None,3.9
2594,None,3.4
2595,None,4.6
2596,A,4.8
2597,A,2.3
2598,None,2.3
2599,None,2.9
2600,None,4.1
2601,None,2.4
2602,None,2.8
2603,A,3.7
2604,None,2.4
2605,A,3
2606,None,2.9
2607,A,3
2608,None,2.4
2609,None,2.8
2610,None,2
2611,None,4
2612,None,3.3
2613,None,2
2614,None,3.8
2615,None,2
2616,None,3
2617,B,4.7
2618,None,1.8
2619,None,4
2620,None,4.2
2621,None,2.6
2622,None,4.7
2623,None,3
2624,None,4.3
2625,None,4.5
2626,None,2.4
2627,None,2.2
2628,None,2
2629,None,3.3
2630,None,2.7
2631,None,3.2
2632,None,3
2633,None,3.5
2634,None,4.5
2635,None,2.8
2636,None,4.2
2637,None,3.8
2638,None,4
2639,None,2.6
2640,A,4.4
2641,None,3.6
2642,None,2.3
2643,None,3.6
2644,None,3.9
2645,None,2.8
2646,A,2.4
2647,None,2.2
2648,None,3.6
2649,None,2.6
2650,None,2.8
2651,None,3
2652,None,3.2
2653,None,2.2
2654,None,2.8
2655,None,2.8
2656,None,3.2
2657,None,3.9
2658,B,5.3
2659,None,2.8
2660,None,2.9
2661,None,2.6
2662,A,3.1
2663,None,2.5
2664,None,2.8
2665,B,4.5
2666,A,2.9
2667,None,3.8
2668,None,2.6
2669,None,2.5
2670,A,2.9
2671,None,3
2672,None,3.3
2673,None,4.4
2674,None,2.8
2675,None,2.8
2676,None,2.5
2677,B,2.8
2678,None,3.2
2679,None,2.5
2680,None,3.8
2681,None,4.4
2682,None,4
2683,None,3
2684,None,2.9
2685,B,4.1
2686,None,4.2
2687,A,3.4
2688,None,2.9
2689,None,4.5
2690,None,3.7
2691,None,3.4
2692,None,4.8
2693,None,2.3
2694,None,3.4
2695,None,3.6
2696,None,2.9
2697,None,4.4
2698,None,3.9
2699,None,3.7
2700,None,3.6
2701,None,3.8
2702,None,3.6
2703,None,3.4
2704,None,3.3
2705,None,3.6
2706,None,3.6
2707,None,3.7
2708,None,4.1
2709,None,3.9
2710,A,2.9
2711,None,2.3
2712,None,4.8
2713,None,3.3
2714,None,2.6
2715,None,2.5
2716,A,3
2717,B,2.9
2718,None,6.1
2719,None,2.3
2720,None,4.4
2721,None,3.3
2722,None,2.1
2723,None,2.8
2724,None,2.9
2725,None,2
2726,None,4.2
2727,None,5.4
2728,None,3.5
2729,None,3.2
2730,A,4.2
2731,None,2.9
2732,A,4.4
2733,None,3.7
2734,None,3
2735,None,2.6
2736,None,2.8
2737,None,3.8
2738,None,3.5
2739,None,4.4
2740,None,2
2741,None,2.6
2742,None,3.5
2743,None,3.6
2744,None,4.7
2745,None,5.2
2746,None,4.2
2747,None,3.3
2748,A,3.6
2749,None,3.8
2750,None,5
2751,None,2.6
2752,None,2.5
2753,None,3.4
2754,None,2.3
2755,None,3.7
2756,None,3.5
2757,None,4.3
2758,None,1.9
2759,None,2.7
2760,None,4.1
2761,None,4.2
2762,A,4.2
2763,None,5
2764,A,4
2765,None,3.5
2766,None,2.6
2767,None,2.3
2768,None,4.2
2769,None,3.1
2770,None,3.3
2771,None,3
2772,None,2.6
2773,None,2.9
2774,None,3.2
2775,None,3.5
2776,None,3.6
2777,None,4.3
2778,B,4.8
2779,None,2.7
2780,B,3.4
2781,None,3.1
2782,None,4.2
2783,None,3.5
2784,None,2.5
2785,None,4.1
2786,A,2.9
2787,None,2.3
2788,None,3.8
2789,A,3.4
2790,A,4.7
2791,None,3.3
2792,None,4
2793,A,3
2794,None,3.4
2795,None,5.8
2796,None,3.1
2797,None,2.5
2798,None,2.8
2799,None,2.4
2800,None,4.5
2801,B,3
2802,None,4.5
2803,B,3.6
2804,None,3.2
2805,None,3.8
2806,None,3.1
2807,None,3.3
2808,A,3.4
2809,None,3
2810,None,2.6
2811,B,3
2812,None,2.7
2813,A,2.7
2814,None,4
2815,B,2.7
2816,None,4.6
2817,None,2.3
2818,A,2.7
2819,None,2.9
2820,None,2.4
2821,None,4.5
2822,None,4.6
2823,None,3.1
2824,None,3.2
2825,None,2.6
2826,B,4.7
2827,None,5
2828,None,4.2
2829,None,5.2
2830,None,3.3
2831,None,3.7
2832,A,3.7
2833,None,5
2834,None,2.8
2835,None,2.8
2836,None,3
2837,None,2.9
2838,B,2.1
2839,None,2.3
2840,None,2
2841,A,3.8
2842,None,2.9
2843,A,2.7
2844,None,2.6
2845,None,3.3
2846,None,3.1
2847,B,3.5
2848,None,3.8
2849,None,2.9
2850,None,3.5
2851,A,3
2852,None,2.7
2853,None,2.7
2854,None,3.1
2855,None,2.5
2856,None,5.7
2857,A,3.7
2858,None,4.1
2859,None,4.2
2860,None,2.7
2861,None,4.7
2862,None,2.5
2863,B,3.2
2864,None,3.3
2865,None,2
2866,None,3.2
2867,None,4.3
2868,None,5.1
2869,None,2.5
2870,None,2.9
2871,None,3
2872,None,3.1
2873,None,2.4
2874,None,2.3
2875,None,2.8
2876,None,4.1
2877,None,3.7
2878,None,4.2
2879,None,3.2
2880,A,2.7
2881,None,3.1
2882,None,4.8
2883,None,4.4
2884,A,3.5
2885,A,3
2886,None,2.9
2887,None,5.3
2888,None,2.1
2889,None,2.6
2890,None,3.2
2891,None,3.5
2892,None,2.5
2893,None,3.3
2894,None,3.2
2895,A,3
2896,B,2.9
2897,None,3.2
2898,None,3.5
2899,None,2.5
2900,None,3
2901,None,3.8
2902,None,4.3
2903,None,3
2904,None,3.6
2905,None,2.2
2906,None,2.7
2907,A,2.5
2908,None,2.6
2909,None,3.3
2910,A,3.6
2911,None,3.9
2912,A,2.9
2913,A,2.8
2914,None,2.8
2915,A,5
2916,None,3.6
2917,A,3.3
2918,None,4.4
2919,None,2.9
2920,None,2.8
2921,None,5
2922,A,4.1
2923,None,3.4
2924,None,3.6
2925,None,3.5
2926,None,3.6
2927,None,2
2928,B,3.4
2929,None,3.5
2930,None,3.4
2931,B,3.2
2932,None,2.7
2933,None,3.1
2934,None,2.8
2935,None,3.8
2936,A,2.8
2937,None,3.7
2938,None,2.5
2939,None,2.8
2940,None,2.9
2941,B,3.3
2942,None,5
2943,None,4.3
2944,None,2.4
2945,None,2.7
2946,None,2.5
2947,None,3.8
2948,None,4.5
2949,None,5.2
2950,None,3
2951,None,5.2
2952,None,2.9
2953,A,5.5
2954,None,3
2955,A,3
2956,None,2.7
2957,None,3.8
2958,B,2.4
2959,A,2.8
2960,None,2.7
2961,A,2.7
2962,A,4.9
2963,A,4.2
2964,None,4
2965,None,3.9
2966,None,2.9
2967,None,2.6
2968,None,3.5
2969,None,3.1
2970,None,3.6
2971,None,3.9
2972,None,4.1
2973,A,2.8
2974,None,2.3
2975,None,3.8
2976,A,4.6
2977,None,2.7
2978,None,3.9
2979,A,3.4
2980,B,3
2981,None,2.8
2982,None,5.1
2983,None,3
2984,None,2.4
2985,None,2.9
2986,None,2.9
2987,None,2.3
2988,None,2.6
2989,None,3.9
2990,None,3.9
2991,None,3.4
2992,None,3.2
2993,None,5.7
2994,None,3
2995,None,2.1
2996,None,3
2997,None,3.1
2998,None,2.5
2999,None,5.3
3000,None,3.2
3001,None,3
3002,None,3.1
3003,None,2.5
3004,None,3
3005,None,2.4
3006,None,3.5
3007,B,4.8
3008,None,4.1
3009,None,3.7
3010,None,6.1
3011,None,3.8
3012,A,4.8
3013,None,5
3014,A,3.7
3015,None,3
3016,None,5.2
3017,None,3.7
3018,A,2.6
3019,None,4.5
3020,B,3.4
3021,None,3.2
3022,None,2.9
3023,None,3.2
3024,A,4.2
3025,None,4.3
3026,None,3.5
3027,None,4.1
3028,None,3.3
3029,A,4.2
3030,B,3.9
3031,A,3.1
3032,None,1.8
3033,None,2.2
3034,B,3.8
3035,None,4.5
3036,None,3.6
3037,None,3.5
3038,A,3.4
3039,A,3.9
3040,None,2.6
3041,None,2.7
3042,B,2.8
3043,None,3.1
3044,B,3.3
3045,None,3.1
3046,A,5.5
3047,None,3.5
3048,None,3.7
3049,None,4.1
3050,None,3.2
3051,None,2.9
3052,A,4.3
3053,A,1.8
3054,None,2.6
3055,None,2.9
3056,None,2.7
3057,None,3.5
3058,None,2.9
3059,None,2.5
3060,None,3.2
3061,None,2.8
3062,A,4
3063,None,2.7
3064,None,3.2
3065,None,3.5
3066,None,3.4
3067,None,3.6
3068,None,4.2
3069,None,2.6
3070,None,5.6
3071,None,3.4
3072,None,2.9
3073,None,3
3074,None,3.4
3075,None,3.3
3076,None,2.5
3077,None,2.7
3078,None,2.5
3079,None,3.6
3080,None,4.3
3081,None,4.1
3082,None,3.1
3083,None,5.3
3084,B,4.6
3085,None,1.4
3086,None,3.7
3087,None,2.7
3088,B,3.7
3089,None,4.6
3090,None,3
3091,B,3.1
3092,None,3.8
3093,None,2.7
3094,None,3.6
3095,A,3.1
3096,None,2.9
3097,None,2.3
3098,B,3.2
3099,None,2.8
3100,None,3.1
3101,None,5.8
3102,None,5.6
3103,None,3.9
3104,None,3.1
3105,None,4.2
3106,A,2.8
3107,A,3.1
3108,None,4.3
3109,None,3.8
3110,None,2.4
3111,None,3.4
3112,None,3.8
3113,B,3.4
3114,None,4.1
3115,None,3.4
3116,None,3.2
3117,None,3.4
3118,B,3.6
3119,None,2.6
3120,None,3.2
3121,None,2.4
3122,None,2.7
3123,None,2.5
3124,None,3.7
3125,None,3.7
3126,None,4.3
3127,None,3.4
3128,None,2.8
3129,A,4.4
3130,None,4.3
3131,None,3.1
3132,B,3.5
3133,None,1.9
3134,None,5.5
3135,None,4.5
3136,A,4.6
3137,None,4.3
3138,None,2.8
3139,None,2.7
3140,None,2.7
3141,None,3.5
3142,A,3.4
3143,None,3.4
3144,None,3.6
3145,None,2.9
3146,None,3.1
3147,B,4.4
3148,None,4.8
3149,None,3.3
3150,None,3.2
3151,None,2.6
3152,A,2.5
3153,None,2.6
3154,None,2.2
3155,None,5.8
3156,None,5.9
3157,None,3.4
3158,None,3
3159,None,3.6
3160,None,2.6
3161,None,3.9
3162,None,3.7
3163,None,2.5
3164,B,4.3
3165,None,3.7
3166,A,3.4
3167,None,3.9
3168,A,5.2
3169,None,3.9
3170,None,2.8
3171,None,3.9
3172,None,4.2
3173,None,5.7
3174,None,2.1
3175,None,2.8
3176,None,2.7
3177,None,3.3
3178,None,4.3
3179,None,2.4
3180,None,4.1
3181,None,2.4
3182,None,2.7
3183,A,3
3184,None,3.8
3185,None,2.8
3186,None,2.9
3187,None,2.9
3188,None,2.2
3189,None,3.3
3190,None,3.9
3191,None,2.7
3192,None,2.9
3193,None,3.1
3194,None,2.3
3195,None,3.2
3196,None,2.9
3197,None,2.7
3198,A,2.6
3199,None,4.2
3200,None,2.4
3201,None,3.4
3202,None,1.9
3203,None,3.5
3204,None,3.6
3205,None,4.8
3206,None,3.3
3207,None,6.7
3208,None,2.3
3209,A,3.4
3210,A,3.6
3211,None,2.1
3212,None,2.7
3213,A,5.4
3214,None,3
3215,A,3
3216,B,2.8
3217,None,4.1
3218,None,3.3
3219,None,2.9
3220,None,2.2
3221,None,1.7
3222,None,3.3
3223,None,4.3
3224,None,2.1
3225,None,2.7
3226,None,2.3
3227,None,3.5
3228,None,4.2
3229,None,4.4
3230,A,3.1
3231,None,3.9
3232,None,1.9
3233,None,2.7
3234,A,2.9
3235,None,4.4
3236,None,4
3237,None,3.9
3238,None,3.4
3239,None,2.6
3240,None,4.3
3241,A,4
3242,None,3.1
3243,None,4.7
3244,None,2.3
3245,None,4.2
3246,None,3
3247,None,2.6
3248,A,3
3249,None,3
3250,None,6
3251,None,2.4
3252,None,3.9
3253,None,2
3254,None,2.8
3255,A,3.8
3256,None,3.2
3257,None,5.3
3258,None,3.1
3259,None,3.3
3260,None,3.5
3261,A,3.3
3262,None,2.5
3263,None,3.4
3264,None,3.1
3265,B,4.1
3266,None,2.7
3267,B,3.9
3268,None,4.2
3269,None,4.1
3270,None,4
3271,None,3.6
3272,None,4.2
3273,None,2.7
3274,None,2.5
3275,None,2.8
3276,None,3.8
3277,None,1.8
3278,A,2.6
3279,None,2.9
3280,None,4.5
3281,A,3.2
3282,A,3.4
3283,None,3.4
3284,None,3.5
3285,A,2.8
3286,None,3.9
3287,None,2.2
3288,None,4
3289,A,2.6
3290,None,2.7
3291,None,4
3292,None,1.8
3293,None,2.3
3294,None,4.1
3295,None,2.7
3296,None,3.5
3297,None,4.1
3298,None,2.9
3299,None,3.1
3300,A,2.9
3301,None,3.7
3302,None,3.2
3303,None,4.2
3304,None,2.6
3305,None,4.3
3306,None,2.3
3307,None,2.8
3308,None,3.4
3309,None,3.9
3310,None,3.9
3311,B,2.4
3312,None,3.7
3313,None,4
3314,None,3.2
3315,None,2.2
3316,A,2.5
3317,None,2.6
3318,None,3.6
3319,None,3.9
3320,None,2.2
3321,A,2.5
3322,None,3.3
3323,None,5.2
3324,None,3.5
3325,None,3.5
3326,None,3.4
3327,None,3.7
3328,None,3.9
3329,None,4.3
3330,None,4.6
3331,None,5.6
3332,None,2.4
3333,None,3.2
3334,None,3.6
3335,A,2.8
3336,None,1.9
3337,None,3.2
3338,None,2.9
3339,None,5.1
3340,None,3.7
3341,None,3.4
3342,A,3.3
3343,A,2
3344,None,2.7
3345,None,2
3346,None,6.5
3347,None,2.7
3348,None,6.1
3349,None,6
3350,None,3.1
3351,None,3.5
3352,A,2.7
3353,None,2.8
3354,B,6.1
3355,None,1.9
3356,None,3.4
3357,None,2.6
3358,A,2.7
3359,None,4.1
3360,A,3.8
3361,None,3.1
3362,None,2.8
3363,None,5
3364,A,3
3365,None,3
3366,B,3
3367,None,3.7
3368,None,3
3369,None,3.2
3370,None,4
3371,A,3
3372,None,2.7
3373,None,3
3374,None,3.3
3375,None,2.8
3376,A,4.1
3377,None,4.2
3378,None,1.8
3379,B,3.9
3380,None,2.1
3381,None,2.4
3382,None,3.1
3383,None,2.9
3384,None,1.7
3385,None,3
3386,None,4.5
3387,None,3.4
3388,None,5.3
3389,None,5.5
3390,None,4
3391,None,1.9
3392,None,3
3393,None,1.9
3394,None,3.3
3395,None,3.3
3396,B,3.5
3397,None,2.9
3398,B,5.7
3399,None,2.9
3400,None,2.7
3401,None,3.6
3402,None,3.3
3403,None,3.3
3404,None,2.9
3405,None,1.9
3406,None,3.4
3407,None,4.7
3408,B,4.2
3409,None,3.7
3410,None,3.7
3411,None,2.5
3412,None,2.3
3413,A,2
3414,None,2.7
3415,None,3.5
3416,None,3.7
3417,None,3.6
3418,None,3.5
3419,None,3.6
3420,None,3.5
3421,None,2.9
3422,None,3.1
3423,A,3.1
3424,None,3.3
3425,None,3.6
3426,None,2.5
3427,None,2.7
3428,None,3.9
3429,A,3.8
3430,A,3.3
3431,None,2.9
3432,None,3.1
3433,None,2.3
3434,None,3.8
3435,None,1.6
3436,None,4
3437,None,2.7
3438,A,6.2
3439,None,6
3440,None,2.8
3441,None,4.4
3442,None,3.9
3443,None,3.2
3444,None,2.9
3445,None,2.9
3446,None,3
3447,None,2.3
3448,None,3.2
3449,None,3
3450,None,3.4
3451,None,3
3452,None,4.1
3453,B,2.9
3454,None,3.2
3455,B,3.7
3456,None,3.1
3457,None,2.4
3458,None,4.2
3459,B,3.6
3460,None,5.5
3461,None,4.1
3462,None,2.3
3463,A,4.2
3464,A,2.6
3465,A,2.5
3466,None,2.5
3467,None,3.5
3468,None,3.6
3469,None,3.3
3470,None,2.6
3471,None,3.3
3472,None,3.4
3473,None,2.4
3474,None,3
3475,None,3.7
3476,None,3
3477,None,4.2
3478,A,3.6
3479,None,3.3
3480,None,3.2
3481,None,3.2
3482,None,3.5
3483,None,3.3
3484,None,4.2
3485,A,2.7
3486,None,2.6
3487,None,2.6
3488,None,2.2
3489,None,5.2
3490,A,3.5
3491,None,2.5
3492,None,2.9
3493,None,2.2
3494,None,3.8
3495,None,3.9
3496,None,2.7
3497,None,2.4
3498,None,2.6
3499,None,5.2
3500,A,2.3
3501,None,4.1
3502,B,4
3503,None,2.7
3504,A,2.6
3505,None,4.4
3506,None,3.1
3507,None,4.7
3508,None,3.5
3509,A,3.2
3510,None,1.9
3511,None,3.7
3512,None,5.5
3513,None,5.6
3514,None,3.2
3515,None,2.7
3516,None,2.7
3517,None,4.6
3518,None,2.4
3519,None,3.4
3520,None,2.8
3521,None,2.2
3522,B,4.2
3523,None,3.7
3524,B,3.4
3525,None,3.5
3526,A,3
3527,None,4.1
3528,None,1.8
3529,None,2.8
3530,None,2.6
3531,None,4
3532,A,2.9
3533,None,3.2
3534,None,4.5
3535,None,2.7
3536,None,3.7
3537,None,6.2
3538,A,3.7
3539,None,2.7
3540,A,2.4
3541,None,2.3
3542,None,4
3543,None,4.4
3544,None,3.2
3545,None,2.3
3546,None,5.5
3547,None,2.5
3548,None,4.9
3549,None,2.5
3550,None,3.1
3551,None,2.5
3552,None,2.5
3553,A,3.3
3554,None,4.8
3555,B,2.6
3556,None,2.5
3557,None,4.9
3558,None,2.6
3559,None,3.1
3560,A,2.1
3561,None,3.4
3562,None,2.6
3563,None,3.4
3564,None,4.2
3565,None,3.9
3566,None,3.5
3567,A,2.9
3568,None,3.2
3569,None,3.6
3570,None,5.4
3571,None,2.7
3572,None,4.2
3573,B,2.6
3574,None,3
3575,None,4
3576,None,3.3
3577,None,4.4
3578,None,3.5
3579,None,2.9
3580,None,3.1
3581,None,4.1
3582,None,3.6
3583,None,4
3584,None,3.6
3585,None,4.2
3586,None,3.5
3587,None,3.1
3588,B,3.8
3589,None,3.1
3590,None,3.8
3591,None,2.5
3592,None,2.7
3593,None,3.7
3594,A,3.1
3595,None,2.3
3596,None,2.9
3597,A,2.4
3598,None,2.6
3599,None,3.7
3600,A,3.5
3601,None,3.5
3602,None,3.9
3603,None,3.4
3604,None,3.9
3605,None,3.4
3606,None,3.1
3607,None,3
3608,None,3.2
3609,None,3.6
3610,None,4.2
3611,None,4.6
3612,None,3
3613,None,2.5
3614,B,4.2
3615,None,3.9
3616,None,3.3
3617,None,2.2
3618,None,3.4
3619,None,3.8
3620,A,3.9
3621,None,1.9
3622,A,2
3623,A,4
3624,A,3.7
3625,None,4.5
3626,A,4.2
3627,None,3.6
3628,None,2.7
3629,None,3
3630,A,1.8
3631,None,3.5
3632,None,3.9
3633,B,3.7
3634,None,2.6
3635,None,3.5
3636,None,2.6
3637,A,4.6
3638,None,3.8
3639,None,2.9
3640,None,3.6
3641,None,3.9
3642,None,3
3643,None,2.7
3644,A,3.8
3645,None,3.3
3646,None,2.8
3647,None,2.7
3648,None,2.3
3649,None,3
3650,None,2.9
3651,None,3.3
3652,None,6.7
3653,None,2.5
3654,None,3.6
3655,None,2.6
3656,None,4.4
3657,None,4.2
3658,None,4.2
3659,None,2.6
3660,None,3.1
3661,B,3.9
3662,None,2.5
3663,None,5.1
3664,None,2.5
3665,A,2.6
3666,None,2.7
3667,None,3.2
3668,None,4.6
3669,None,3.1
3670,None,2.7
3671,None,3.3
3672,None,4.3
3673,None,2.5
3674,None,2.6
3675,A,3.6
3676,None,3.4
3677,None,3.8
3678,A,2
3679,None,2.7
3680,None,2.8
3681,None,3.6
3682,None,3
3683,None,3.3
3684,None,3.4
3685,None,6.7
3686,None,4.3
3687,None,6.1
3688,None,3.1
3689,None,5
3690,None,1.8
3691,None,3
3692,None,3
3693,None,4.2
3694,None,4.5
3695,None,2.8
3696,None,2.6
3697,None,3.8
3698,None,2.5
3699,None,4.1
3700,A,3.4
3701,A,3.7
3702,None,2.9
3703,None,3.3
3704,None,2.7
3705,None,2.8
3706,None,3.3
3707,None,3.4
3708,None,2.1
3709,None,2.9
3710,None,2.8
3711,B,3.4
3712,None,2.4
3713,None,3.3
3714,None,3.7
3715,A,5
3716,None,6.2
3717,None,1.5
3718,A,1.9
3719,A,2.2
3720,None,2.3
3721,None,3.8
3722,None,2.6
3723,None,2.9
3724,None,3.4
3725,None,2.3
3726,None,3.1
3727,A,2.7
3728,None,4.2
3729,None,4.2
3730,None,4.7
3731,None,3.1
3732,None,3.3
3733,A,2.9
3734,None,2.8
3735,None,3.9
3736,None,4.1
3737,None,3.9
3738,B,4.3
3739,None,4.5
3740,None,2.3
3741,None,2
3742,None,3.3
3743,None,3.7
3744,None,2.3
3745,None,3.8
3746,None,3.9
3747,None,4
3748,None,2.9
3749,None,3
3750,None,3.3
3751,A,3.1
3752,A,2.7
3753,None,3.4
3754,None,3.3
3755,A,3.8
3756,None,3.4
3757,A,6.5
3758,None,1.9
3759,None,3
3760,None,3.1
3761,None,3.3
3762,None,3.7
3763,None,2.9
3764,None,4.2
3765,A,5.3
3766,None,5.2
3767,None,3.8
3768,None,3.5
3769,A,3
3770,None,3.8
3771,None,2.4
3772,None,4.2
3773,None,1.9
3774,B,3.2
3775,None,3
3776,None,3.4
3777,None,2.9
3778,B,3.1
3779,None,2.6
3780,None,2.6
3781,None,3.5
3782,None,3.8
3783,None,1.9
3784,None,4.6
3785,None,4.7
3786,None,2.7
3787,None,2.4
3788,None,3.6
3789,None,3
3790,None,3.6
3791,None,3.9
3792,None,3.1
3793,None,5.8
3794,A,3.6
3795,None,3.1
3796,None,3.2
3797,None,4.1
3798,None,2.5
3799,A,2.9
3800,None,7
3801,None,3.8
3802,None,6
3803,None,3.1
3804,None,3
3805,None,2.9
3806,None,2.5
3807,None,3.8
3808,A,2
3809,None,3.9
3810,A,4
3811,None,5.3
3812,None,3
3813,None,2.7
3814,None,2.4
3815,None,3.7
3816,None,3.1
3817,None,1.7
3818,None,2.8
3819,None,3.9
3820,None,3.2
3821,None,2.6
3822,None,3.9
3823,None,2.8
3824,None,2.7
3825,A,2.2
3826,B,2.8
3827,None,2.2
3828,B,2.7
3829,None,4.3
3830,B,2.8
3831,B,2.9
3832,None,2.5
3833,None,4.1
3834,None,4.2
3835,None,5.3
3836,None,3.8
3837,None,3.6
3838,None,3
3839,None,5.3
3840,None,2.9
3841,None,3.1
3842,None,2.8
3843,None,3.8
3844,None,4.3
3845,None,2.2
3846,None,3
3847,None,3.9
3848,None,3.8
3849,A,2.8
3850,None,4.1
3851,None,4.3
3852,None,4.4
3853,None,2.8
3854,None,3.7
3855,A,3.5
3856,None,4
3857,None,2.1
3858,None,2.6
3859,None,4.1
3860,A,4.3
3861,None,3.3
3862,None,2.9
3863,None,2.8
3864,None,3.9
3865,None,2.5
3866,None,2.8
3867,None,2.3
3868,None,3
3869,None,3.1
3870,None,1.7
3871,None,4
3872,None,4.1
3873,None,3.6
3874,None,3.1
3875,None,3.5
3876,None,3.4
3877,A,2
3878,None,3.4
3879,None,4.7
3880,None,1.9
3881,None,2.8
3882,None,3.1
3883,None,2.5
3884,B,3.7
3885,None,3.4
3886,None,3.1
3887,B,3
3888,None,2.7
3889,None,3.4
3890,None,3.9
3891,A,2.7
3892,None,4.3
3893,None,5.2
3894,B,5
3895,None,3.2
3896,None,4.5
3897,None,5
3898,None,3.2
3899,B,3.3
3900,None,4.1
3901,None,4.2
3902,None,4
3903,None,2.5
3904,None,2.6
3905,None,3.6
3906,None,3
3907,None,3.1
3908,None,4.1
3909,None,4.3
3910,None,4
3911,None,5.7
3912,None,2.5
3913,B,3.5
3914,None,3.2
3915,None,2.9
3916,None,2.7
3917,A,4
3918,None,3.1
3919,None,3.2
3920,B,4
3921,None,5.5
3922,None,3.5
3923,None,2.7
3924,None,4
3925,A,4.3
3926,None,3.9
3927,None,3.2
3928,None,2.3
3929,A,4.1
3930,B,4.1
3931,B,3.9
3932,B,4.3
3933,None,2.4
3934,None,2.4
3935,None,3.4
3936,None,2.8
3937,None,3.5
3938,None,2.8
3939,None,2.4
3940,None,3.5
3941,None,3.6
3942,None,2.2
3943,None,2.4
3944,None,3.3
3945,None,3.7
3946,None,2
3947,None,2.8
3948,None,3.8
3949,None,1.9
3950,None,3
3951,None,2.8
3952,None,3.7
3953,None,4.3
3954,None,4
3955,None,3.6
3956,None,4
3957,None,3.6
3958,None,3.4
3959,None,7.1
3960,None,2.2
3961,None,3.6
3962,None,2.5
3963,None,2.8
3964,None,3
3965,B,2.7
3966,None,4.1
3967,None,5.8
3968,A,2.4
3969,None,3.3
3970,A,2.8
3971,None,4.3
3972,A,3.2
3973,None,2.8
3974,None,3.2
3975,None,2.9
3976,None,2.4
3977,None,3.6
3978,None,3.7
3979,A,5.9
3980,None,3.8
3981,None,2.4
3982,None,1.9
3983,None,2.8
3984,None,3.1
3985,None,2.5
3986,A,4.3
3987,None,2.2
3988,None,2.8
3989,None,3.9
3990,A,2.8
3991,None,3.4
3992,None,3.3
3993,None,3.6
3994,None,3.4
3995,None,2.3
3996,None,5
3997,None,2.8
3998,None,1.7
3999,None,4.2
4000,None,1.9
4001,None,2.9
4002,None,4.3
4003,B,4.2
4004,None,2.5
4005,B,2.9
4006,None,4.8
4007,None,3.1
4008,None,4.1
4009,None,2.8
4010,None,2.8
4011,A,2.6
4012,None,5.3
4013,B,5.4
4014,None,4.7
4015,None,2.2
4016,None,4.6
4017,A,2.9
4018,None,4.7
4019,None,3.2
4020,None,4
4021,A,2.8
4022,None,2.9
4023,None,3
4024,None,3.1
4025,None,2.9
4026,A,2.2
4027,None,2.8
4028,None,2.9
4029,None,2.5
4030,None,2.6
4031,None,4
4032,None,3.3
4033,None,3.2
4034,None,3.6
4035,A,5
4036,A,5.4
4037,None,3
4038,None,4.3
4039,None,4
4040,None,3.5
4041,None,2.8
4042,None,3.5
4043,None,2.3
4044,A,3.8
4045,None,5.1
4046,None,3.5
4047,None,2.5
4048,None,3.5
4049,None,2.6
4050,None,2.8
4051,None,3.8
4052,A,4.7
4053,None,2.4
4054,None,3
4055,None,2.1
4056,B,3.5
4057,None,4.9
4058,None,4.1
4059,None,4.2
4060,A,2.5
4061,None,2.5
4062,B,2.7
4063,None,1.9
4064,None,2.7
4065,None,3.6
4066,None,2.9
4067,None,3.2
4068,A,4
4069,B,2.6
4070,None,3.3
4071,None,5.5
4072,A,5.3
4073,None,2.1
4074,None,3.1
4075,None,3.8
4076,A,4
4077,None,3.4
4078,None,2.8
4079,None,2.6
4080,None,3.2
4081,None,2.6
4082,None,2.7
4083,A,2.8
4084,None,3.5
4085,A,3.4
4086,None,5.3
4087,None,2.7
4088,None,2.3
4089,None,3.8
4090,A,3.7
4091,None,3.9
4092,None,3.3
4093,None,3.7
4094,B,3.8
4095,None,4.1
4096,None,3.6
4097,A,3.6
4098,None,2.8
4099,None,2.2
4100,A,2.1
4101,None,2.4
4102,None,3.7
4103,A,4.4
4104,A,4.6
4105,None,4.6
4106,None,2.9
4107,None,3.5
4108,None,2.8
4109,None,3.6
4110,None,2.8
4111,None,3.5
4112,None,2.9
4113,None,5.6
4114,A,3.2
4115,None,2.8
4116,None,4
4117,None,2.4
4118,None,4
4119,None,3.6
4120,None,2.7
4121,None,2.2
4122,None,2.4
4123,None,4.2
4124,None,4.4
4125,None,4.1
4126,None,3.2
4127,A,2.6
4128,None,3.7
4129,None,2.7
4130,None,4.4
4131,None,3.9
4132,None,2.9
4133,None,5.5
4134,None,2.6
4135,None,3.9
4136,None,2.2
4137,None,1.9
4138,None,3.2
4139,None,3.8
4140,A,2.6
4141,None,6.3
4142,None,2.1
4143,None,2.3
4144,A,2.2
4145,None,4.1
4146,None,2.5
4147,A,2.8
4148,A,5.5
4149,None,3.7
4150,None,3.4
4151,A,4.3
4152,None,3.3
4153,None,3
4154,None,4.2
4155,A,4
4156,B,4.3
4157,None,2.7
4158,None,1.8
4159,A,3
4160,None,3.7
4161,A,2.7
4162,B,3.1
4163,None,6.1
4164,None,3.4
4165,None,3.2
4166,None,4.1
4167,None,2.9
4168,None,4.8
4169,None,3.7
4170,None,3.3
4171,None,4.2
4172,A,3
4173,None,3.2
4174,None,4.4
4175,None,3.6
4176,None,4.7
4177,B,4.2
4178,A,1.8
4179,None,2.7
4180,None,6.7
4181,None,2.8
4182,None,4
4183,A,2.1
4184,None,3.6
4185,None,4.1
4186,None,2.6
4187,None,5.1
4188,None,4.8
4189,None,2.7
4190,None,3.7
4191,None,3
4192,None,3.6
4193,None,4.6
4194,None,3.9
4195,A,2.3
4196,None,2.6
4197,None,5.3
4198,None,2.2
4199,None,3
4200,None,2.4
4201,None,4.2
4202,None,2.5
4203,None,2.6
4204,None,2.5
4205,None,2.2
4206,None,2.4
4207,A,2.7
4208,None,4.2
4209,None,3.3
4210,A,3.6
4211,None,5.6
4212,None,4.6
4213,None,3.7
4214,None,3.3
4215,None,2.7
4216,None,4.8
4217,None,3.2
4218,None,3.7
4219,None,2.4
4220,A,2.5
4221,None,1.9
4222,None,2.8
4223,None,3
4224,None,5.3
4225,None,3.6
4226,None,3.2
4227,A,2.9
4228,A,3.4
4229,A,2.1
4230,None,2.5
4231,None,3.4
4232,None,5.5
4233,None,2.6
4234,None,4.6
4235,None,3.9
4236,B,4.2
4237,None,3.2
4238,None,3
4239,None,3.6
4240,None,2.2
4241,None,2.1
4242,None,4.3
4243,None,3
4244,None,3.1
4245,None,1.8
4246,None,3.7
4247,None,3.6
4248,None,3.7
4249,None,2.7
4250,None,3.7
4251,None,3.7
4252,A,4.9
4253,None,2.3
4254,None,3.8
4255,None,2.8
4256,None,2.3
4257,None,3.4
4258,None,3.5
4259,None,4.7
4260,A,4.4
4261,None,4.1
4262,None,4
4263,None,4.1
4264,None,1.7
4265,None,3.8
4266,None,2.8
4267,None,5
4268,None,3.1
4269,None,3.6
4270,None,3.4
4271,None,2.5
4272,None,2.1
4273,A,2.6
4274,None,4.8
4275,None,4.6
4276,None,2.6
4277,None,3.8
4278,None,3.9
4279,None,3.2
4280,None,3.4
4281,None,3.4
4282,None,2.9
4283,None,4.3
4284,None,3.4
4285,None,2.5
4286,None,3.4
4287,A,4.4
4288,None,4.2
4289,A,4
4290,A,2.8
4291,None,3.6
4292,B,4.2
4293,None,3
4294,None,4.8
4295,None,3
4296,None,2.9
4297,None,3
4298,None,2.5
4299,None,2.4
4300,None,3.4
4301,None,3
4302,None,2.6
4303,None,2.3
4304,None,1.9
4305,A,2.9
4306,None,2.9
4307,None,2.8
4308,A,3.8
4309,None,4.1
4310,None,1.9
4311,None,2.6
4312,None,3
4313,None,2.5
4314,None,3
4315,None,3.9
4316,None,5.7
4317,None,2.7
4318,None,3.6
4319,None,3.8
4320,None,3.7
4321,A,4.8
4322,None,5.2
4323,None,3.8
4324,A,3.6
4325,A,2.5
4326,A,2.5
4327,None,2.6
4328,None,2.6
4329,None,3.2
4330,None,2.7
4331,None,4.8
4332,A,4
4333,None,4.8
4334,A,2.4
4335,None,2.7
4336,None,2.6
4337,None,4.3
4338,None,2.2
4339,None,3.8
4340,None,3.1
4341,None,4.2
4342,None,2.1
4343,None,2.3
4344,B,2.6
4345,None,2.9
4346,None,2.4
4347,None,5.3
4348,None,3.7
4349,None,2.5
4350,None,3.5
4351,B,3.9
4352,None,3.2
4353,None,2.2
4354,None,3.7
4355,None,2
4356,None,2.9
4357,None,2.7
4358,None,3.8
4359,None,3.8
4360,None,2.7
4361,None,2.5
4362,None,4.1
4363,None,3.6
4364,A,2.9
4365,None,2.7
4366,A,2.3
4367,None,3
4368,None,3.6
4369,None,3.6
4370,None,3.4
4371,None,5.4
4372,None,4.2
4373,None,3.5
4374,None,2.6
4375,None,4.9
4376,None,3.1
4377,A,3.7
4378,None,5
4379,None,3.9
4380,None,2.8
4381,None,2.7
4382,None,3.1
4383,A,3.3
4384,None,3.3
4385,A,3.4
4386,None,5.5
4387,None,4
4388,None,4.1
4389,None,3.9
4390,None,3.8
4391,None,3.9
4392,A,3.1
4393,None,2.6
4394,A,2.9
4395,None,3.3
4396,A,2.5
4397,None,3.5
4398,None,3.8
4399,None,2.9
4400,None,3.5
4401,None,2.5
4402,None,2.6
4403,None,3.1
4404,None,2.6
4405,None,3.4
4406,B,2.6
4407,A,3.9
4408,None,3.9
4409,A,2.9
4410,None,4
4411,None,4.7
4412,None,4.1
4413,A,3.6
4414,A,3.3
4415,None,2.1
4416,None,3.2
4417,None,3.3
4418,None,3.2
4419,None,3.6
4420,None,5.1
4421,None,3
4422,None,1.9
4423,None,2.4
4424,None,2.9
4425,None,3.5
4426,None,3.4
4427,B,3.9
4428,None,3.5
4429,None,3.7
4430,None,3.7
4431,None,2.8
4432,None,2.6
4433,None,4.2
4434,None,3.2
4435,None,3.1
4436,A,3.2
4437,None,3.5
4438,None,3.3
4439,None,2.6
4440,B,3.6
4441,None,4.8
4442,None,2.7
4443,None,3.8
4444,None,4
4445,None,4.4
4446,None,3.3
4447,None,4.4
4448,A,2.7
4449,None,3.2
4450,None,2.7
4451,None,3.5
4452,A,2.9
4453,None,4
4454,None,3.6
4455,None,2.4
4456,None,3.7
4457,A,2.7
4458,None,3.5
4459,B,3.6
4460,None,2.6
4461,None,3.4
4462,None,2.7
4463,None,2.4
4464,None,5.3
4465,None,2
4466,None,4
4467,None,3
4468,None,3.2
4469,A,4.6
4470,None,2.1
4471,None,3.7
4472,None,3.4
4473,None,5.2
4474,None,3
4475,None,2.7
4476,None,3.9
4477,None,3.4
4478,None,2
4479,None,3.7
4480,None,3.9
4481,A,5.2
4482,A,5.1
4483,B,2.6
4484,None,1.9
4485,None,5.1
4486,A,4.1
4487,None,3.5
4488,None,3.2
4489,None,2.7
4490,None,3.7
4491,A,1.6
4492,None,1.9
4493,None,2.4
4494,None,3.5
4495,None,3.2
4496,None,4.8
4497,None,2.9
4498,None,4.6
4499,None,6.6
4500,None,2.4
4501,None,3.8
4502,None,5.1
4503,None,2.9
4504,None,2.1
4505,None,3.7
4506,A,2
4507,None,3.8
4508,None,4.8
4509,None,2.8
4510,None,3.5
4511,None,2.5
4512,None,4.7
4513,None,4.8
4514,None,3.5
4515,None,3.7
4516,A,3
4517,None,2.3
4518,B,4.5
4519,None,4.3
4520,None,3.1
4521,None,3.4
4522,None,3.9
4523,None,3.5
4524,None,3.1
4525,None,2.5
4526,None,1.8
4527,None,3.8
4528,None,3.6
4529,None,3.8
4530,None,3.6
4531,A,3
4532,A,3.7
4533,None,5.5
4534,None,3.1
4535,None,2.7
4536,None,2.3
4537,None,4.8
4538,A,2
4539,None,2.5
4540,None,3.5
4541,None,2.9
4542,None,4.8
4543,None,3.4
4544,None,3.4
4545,None,2.9
4546,None,3.8
4547,A,2.5
4548,None,4.6
4549,None,4.1
4550,None,3.7
4551,None,3.9
4552,None,2.7
4553,None,4.6
4554,None,3.3
4555,B,3.9
4556,None,3.7
4557,None,1.8
4558,None,3.9
4559,None,3.7
4560,None,3.3
4561,None,3.7
4562,None,3.7
4563,None,3.4
4564,B,4.5
4565,None,3.1
4566,A,3
4567,None,3.3
4568,None,2.6
4569,None,4.2
4570,None,4.9
4571,None,3.5
4572,None,3.5
4573,A,3.2
4574,None,2.7
4575,A,4.2
4576,None,2.3
4577,None,2.9
4578,None,4.5
4579,None,3.7
4580,None,2.7
4581,None,2.7
4582,A,2.8
4583,A,3.6
4584,None,3.3
4585,None,3.5
4586,None,3.4
4587,None,2.9
4588,None,3.3
4589,None,3.4
4590,None,3.1
4591,None,4.8
4592,None,1.9
4593,None,3
4594,A,3.6
4595,None,2.4
4596,None,3
4597,None,4.2
4598,None,4.5
4599,A,3.8
4600,None,3.7
4601,None,4.5
4602,A,3.4
4603,None,2.5
4604,None,3
4605,None,3
4606,None,2.2
4607,A,3.1
4608,None,3.1
4609,None,2.8
4610,None,3.6
4611,None,2.4
4612,B,3.2
4613,None,2.8
4614,None,3.5
4615,A,2.8
4616,None,2.4
4617,None,2.8
4618,None,2.6
4619,None,3.5
4620,None,3.2
4621,A,3.2
4622,None,2.8
4623,None,3.2
4624,None,3
4625,A,3.1
4626,None,3.1
4627,None,3.1
4628,None,2.6
4629,None,3.1
4630,B,3.8
4631,None,2.9
4632,None,3.4
4633,None,3.8
4634,None,3
4635,None,3.6
4636,None,3
4637,None,3.8
4638,None,1.5
4639,None,4.3
4640,None,2.8
4641,None,3
4642,None,5.2
4643,None,2.7
4644,None,2.7
4645,None,3.5
4646,B,4.3
4647,None,4.3
4648,A,2.7
4649,None,2.5
4650,None,4.5
4651,None,2.4
4652,None,3.2
4653,None,2.1
4654,None,4.4
4655,None,3.8
4656,B,2.8
4657,None,4.1
4658,None,2.7
4659,None,3.5
4660,None,3.9
4661,None,4.1
4662,A,3.5
4663,None,2.7
4664,None,3.4
4665,None,2.4
4666,None,2.1
4667,None,3
4668,None,2.7
4669,A,3.7
4670,None,3.1
4671,None,2.2
4672,A,4.5
4673,None,3
4674,None,3.5
4675,None,4.3
4676,A,2.9
4677,None,4.1
4678,None,2.8
4679,A,3.3
4680,None,3.6
4681,None,2.8
4682,None,3.5
4683,B,2.8
4684,A,2.6
4685,None,2.3
4686,None,2.8
4687,None,3.4
4688,A,2.9
4689,None,6.3
4690,None,2.1
4691,None,3.5
4692,None,3.3
4693,None,3
4694,None,3.1
4695,None,3
4696,A,1.9
4697,None,3.1
4698,A,2.5
4699,None,2.9
4700,None,2.9
4701,None,2.8
4702,None,3.5
4703,None,3.3
4704,B,3.6
4705,None,2.6
4706,None,2.8
4707,None,3.2
4708,None,2.9
4709,None,1.9
4710,None,3.1
4711,None,3
4712,None,1.8
4713,None,3.4
4714,None,3.5
4715,B,4
4716,None,4.1
4717,None,4.4
4718,None,3.4
4719,None,2.2
4720,None,2.8
4721,None,3.8
4722,None,3.8
4723,None,3.8
4724,None,2.8
4725,None,3.4
4726,None,3.3
4727,None,3.1
4728,None,2.3
4729,None,4.3
4730,None,3.9
4731,None,1.8
4732,None,3.8
4733,None,5.6
4734,None,3.1
4735,None,3.4
4736,A,2.1
4737,None,3.7
4738,None,3.7
4739,None,2.9
4740,None,2.9
4741,None,3.6
4742,None,3.4
4743,None,2
4744,A,3.1
4745,None,4.3
4746,A,4.6
4747,None,2
4748,None,3.1
4749,B,4
4750,A,3.9
4751,B,4
4752,None,4
4753,None,3.8
4754,None,2.4
4755,None,4.1
4756,None,3.1
4757,None,3.3
4758,None,4.3
4759,None,2.6
4760,None,3.4
4761,None,3.6
4762,None,2.5
4763,A,2.9
4764,None,3.7
4765,None,3.2
4766,None,3.6
4767,A,4.1
4768,None,2.2
4769,None,4.3
4770,None,2.7
4771,None,3.8
4772,None,2.3
4773,None,3.6
4774,None,2.5
4775,None,4
4776,None,6.4
4777,None,2.9
4778,B,6.6
4779,None,2.4
4780,None,5.8
4781,A,4.6
4782,None,3
4783,None,3.2
4784,None,3.7
4785,None,3
4786,None,3
4787,None,1.8
4788,None,4.7
4789,None,2.2
4790,None,2.5
4791,None,4.5
4792,B,3.2
4793,None,2.1
4794,None,2.8
4795,None,2.8
4796,None,3.6
4797,None,3.4
4798,None,3.6
4799,None,2.5
4800,B,3.7
4801,None,3.1
4802,None,3.3
4803,None,3.8
4804,None,4.8
4805,None,4
4806,None,3.3
4807,None,3.1
4808,A,3.3
4809,None,4.2
4810,None,2.6
4811,B,3.9
4812,None,3.3
4813,None,2.1
4814,None,3.3
4815,A,3.7
4816,None,4.1
4817,None,2.9
4818,None,2.2
4819,None,2.5
4820,None,2.1
4821,None,3
4822,None,3.1
4823,None,3.1
4824,None,2.6
4825,None,3.9
4826,None,3.9
4827,None,4.9
4828,A,4.7
4829,None,3.1
4830,None,3.3
4831,None,2.6
4832,A,3.6
4833,A,3.3
4834,None,4
4835,None,3.8
4836,None,4.4
4837,None,2.3
4838,A,5.5
4839,None,5
4840,A,2.5
4841,None,2.9
4842,None,2.9
4843,None,2.4
4844,None,3
4845,None,2.4
4846,None,3.4
4847,None,5.8
4848,None,2.9
4849,None,2.8
4850,None,3.6
4851,None,2.5
4852,A,6.1
4853,A,3.1
4854,None,2.6
4855,None,5.1
4856,None,2.9
4857,None,4.2
4858,None,3.3
4859,None,3.4
4860,None,3.9
4861,None,2.5
4862,None,2.4
4863,None,3.4
4864,None,2.5
4865,None,2.7
4866,None,2.5
4867,None,2.5
4868,None,1.9
4869,None,2.4
4870,None,3.3
4871,None,2.4
4872,None,3.7
4873,None,3.1
4874,A,2.5
4875,None,2.1
4876,None,3.2
4877,A,4.6
4878,None,3.4
4879,None,3.1
4880,None,2.5
4881,A,3.6
4882,None,1.9
4883,B,4.9
4884,None,3.6
4885,None,2.6
4886,None,3.3
4887,None,3.3
4888,None,2.3
4889,None,2.8
4890,None,5
4891,A,3.7
4892,None,5.1
4893,None,4
4894,None,3.1
4895,None,2
4896,None,3.4
4897,None,3.3
4898,None,2.9
4899,None,4.5
4900,None,3.3
4901,None,3
4902,A,2.7
4903,A,3.7
4904,None,2
4905,None,4
4906,None,1.8
4907,None,4.5
4908,None,2.4
4909,None,2.6
4910,None,3.9
4911,None,6.6
4912,None,3
4913,None,3.9
4914,None,2.3
4915,None,3.5
4916,None,2.7
4917,None,2.9
4918,None,3.3
4919,None,3.7
4920,None,2.9
4921,A,5.1
4922,A,2.9
4923,None,3.1
4924,None,4.1
4925,None,4.7
4926,None,1.8
4927,None,2.8
4928,None,2.8
4929,None,3.6
4930,None,3.5
4931,None,4.3
4932,None,3
4933,A,3.3
4934,None,2
4935,None,6.1
4936,None,1.8
4937,None,2.1
4938,None,2.9
4939,None,4.3
4940,None,5.3
4941,B,2.8
4942,None,2.7
4943,A,2.6
4944,None,3.1
4945,A,3.4
4946,None,2.9
4947,None,3.2
4948,None,3.8
4949,None,4.2
4950,A,3.5
4951,None,2.2
4952,None,3.8
4953,None,3.6
4954,None,4.1
4955,None,3.7
4956,None,4.1
4957,None,3.7
4958,None,3.3
4959,None,3.4
4960,A,3.2
4961,None,4.4
4962,None,5.4
4963,None,4.9
4964,None,2.7
4965,A,3.9
4966,None,3.6
4967,None,2.3
4968,None,2.8
4969,None,3.1
4970,None,4.2
4971,None,1.7
4972,None,2.1
4973,None,3.3
4974,None,4
4975,None,3.4
4976,None,3
4977,None,3.1
4978,None,4.5
4979,None,2.1
4980,None,2.7
4981,None,5.6
4982,None,3.6
4983,B,3
4984,None,4.6
4985,None,2.3
4986,None,2.9
4987,None,3.9
4988,None,2.4
4989,None,3.2
4990,None,2.8
4991,None,4.2
4992,None,2.9
4993,None,2.3
4994,None,3.4
4995,B,3.6
4996,None,2.6
4997,None,3.4
4998,B,4
4999,None,4.5
5000,A,3.5
